Number,Volume,Close Price,Timestamp
1,0,0.0,20240809
2,6,11.06,20240809
3,0,0.0,20240809
4,0,0.0,20240809
5,0,0.0,20240809
6,11,10.36,20240809
7,0,0.0,20240809
8,2,10.9,20240809
9,0,0.0,20240809
10,0,0.0,20240809
11,0,0.0,20240809
12,0,0.0,20240809
13,0,0.0,20240809
14,0,0.0,20240809
15,0,0.0,20240809
16,0,0.0,20240809
17,0,0.0,20240809
18,0,0.0,20240809
19,0,0.0,20240809
20,0,0.0,20240809
21,0,0.0,20240809
22,0,0.0,20240809
23,10,10.9,20240809
24,51,11.29,20240809
25,0,0.0,20240809
26,1,10.97,20240809
27,26,10.87,20240809
28,0,0.0,20240809
29,1,11.26,20240809
30,0,0.0,20240809
31,1,10.96,20240809
32,6,10.9,20240809
33,0,0.0,20240809
34,0,0.0,20240809
35,0,0.0,20240809
36,3,10.59,20240809
37,0,0.0,20240809
38,1,10.4,20240809
39,0,0.0,20240809
40,0,0.0,20240809
41,0,0.0,20240809
42,1,11.0,20240809
43,0,0.0,20240809
44,1,10.98,20240809
45,0,0.0,20240809
46,0,0.0,20240809
47,0,0.0,20240809
48,0,0.0,20240809
49,2,10.78,20240809
50,2,10.59,20240809
51,0,0.0,20240809
52,0,0.0,20240809
53,0,0.0,20240809
54,0,0.0,20240809
55,1,10.13,20240809
56,0,0.0,20240809
57,0,0.0,20240809
58,1,10.25,20240809
59,0,0.0,20240809
60,51,10.55,20240809
61,0,0.0,20240809
62,0,0.0,20240809
63,0,0.0,20240809
64,0,0.0,20240809
65,0,0.0,20240809
66,5,10.0,20240809
67,0,0.0,20240809
68,0,0.0,20240809
69,0,0.0,20240809
70,0,0.0,20240809
71,0,0.0,20240809
72,0,0.0,20240809
73,20,10.7,20240809
74,0,0.0,20240809
75,0,0.0,20240809
76,0,0.0,20240809
77,0,0.0,20240809
78,1,10.42,20240809
79,0,0.0,20240809
80,0,0.0,20240809
81,0,0.0,20240809
82,0,0.0,20240809
83,0,0.0,20240809
84,0,0.0,20240809
85,0,0.0,20240809
86,1,9.68,20240809
87,0,0.0,20240809
88,0,0.0,20240809
89,0,0.0,20240809
90,0,0.0,20240809
91,0,0.0,20240809
92,0,0.0,20240809
93,0,0.0,20240809
94,0,0.0,20240809
95,0,0.0,20240809
96,0,0.0,20240809
97,0,0.0,20240809
98,0,0.0,20240809
99,0,0.0,20240809
100,0,0.0,20240809
101,0,0.0,20240809
102,9,10.0,20240809
103,0,0.0,20240809
104,1,10.22,20240809
105,0,0.0,20240809
106,0,0.0,20240809
107,0,0.0,20240809
108,0,0.0,20240809
109,0,0.0,20240809
110,10,10.85,20240809
111,0,0.0,20240809
112,0,0.0,20240809
113,0,0.0,20240809
114,0,0.0,20240809
115,0,0.0,20240809
116,0,0.0,20240809
117,0,0.0,20240809
118,0,0.0,20240809
119,0,0.0,20240809
120,0,0.0,20240809
121,5,10.57,20240809
122,55,10.59,20240809
123,2,10.73,20240809
124,0,0.0,20240809
125,0,0.0,20240809
126,0,0.0,20240809
127,0,0.0,20240809
128,0,0.0,20240809
129,0,0.0,20240809
130,1,11.22,20240809
131,0,0.0,20240809
132,9,11.3,20240809
133,0,0.0,20240809
134,1,11.44,20240809
135,0,0.0,20240809
136,0,0.0,20240809
137,0,0.0,20240809
138,1,11.45,20240809
139,6,11.85,20240809
140,0,0.0,20240809
141,1,12.17,20240809
142,0,0.0,20240809
143,0,0.0,20240809
144,0,0.0,20240809
145,20,12.11,20240809
146,0,0.0,20240809
147,0,0.0,20240809
148,0,0.0,20240809
149,0,0.0,20240809
150,2,12.5,20240809
151,0,0.0,20240809
152,1,11.66,20240809
153,0,0.0,20240809
154,0,0.0,20240809
155,0,0.0,20240809
156,0,0.0,20240809
157,2,11.05,20240809
158,0,0.0,20240809
159,0,0.0,20240809
160,0,0.0,20240809
161,2,11.3,20240809
162,0,0.0,20240809
163,0,0.0,20240809
164,0,0.0,20240809
165,0,0.0,20240809
166,6,10.66,20240809
167,0,0.0,20240809
168,0,0.0,20240809
169,0,0.0,20240809
170,1,10.01,20240809
171,0,0.0,20240809
172,0,0.0,20240809
173,0,0.0,20240809
174,0,0.0,20240809
175,4,9.61,20240809
176,0,0.0,20240809
177,0,0.0,20240809
178,0,0.0,20240809
179,0,0.0,20240809
180,11,9.5,20240809
181,0,0.0,20240809
182,0,0.0,20240809
183,0,0.0,20240809
184,0,0.0,20240809
185,0,0.0,20240809
186,0,0.0,20240809
187,0,0.0,20240809
188,0,0.0,20240809
189,2,9.37,20240809
190,0,0.0,20240809
191,0,0.0,20240809
192,0,0.0,20240809
193,1,8.62,20240809
194,6,8.95,20240809
195,0,0.0,20240809
196,0,0.0,20240809
197,0,0.0,20240809
198,0,0.0,20240809
199,0,0.0,20240809
200,0,0.0,20240809
201,0,0.0,20240809
202,0,0.0,20240809
203,6,8.8,20240809
204,0,0.0,20240809
205,0,0.0,20240809
206,0,0.0,20240809
207,0,0.0,20240809
208,0,0.0,20240809
209,0,0.0,20240809
210,0,0.0,20240809
211,0,0.0,20240809
212,0,0.0,20240809
213,0,0.0,20240809
214,0,0.0,20240809
215,0,0.0,20240809
216,0,0.0,20240809
217,0,0.0,20240809
218,6,8.15,20240809
219,1,8.45,20240809
220,0,0.0,20240809
221,0,0.0,20240809
222,0,0.0,20240809
223,0,0.0,20240809
224,0,0.0,20240809
225,0,0.0,20240809
226,0,0.0,20240809
227,0,0.0,20240809
228,0,0.0,20240809
229,0,0.0,20240809
230,0,0.0,20240809
231,0,0.0,20240809
232,0,0.0,20240809
233,0,0.0,20240809
234,1,8.55,20240809
235,0,0.0,20240809
236,0,0.0,20240809
237,0,0.0,20240809
238,0,0.0,20240809
239,0,0.0,20240809
240,1,8.6,20240809
241,0,0.0,20240809
242,0,0.0,20240809
243,0,0.0,20240809
244,0,0.0,20240809
245,0,0.0,20240809
246,0,0.0,20240809
247,100,9.9,20240809
248,2,9.66,20240809
249,0,0.0,20240809
250,7,9.42,20240809
251,0,0.0,20240809
252,1,9.61,20240809
253,0,0.0,20240809
254,0,0.0,20240809
255,0,0.0,20240809
256,0,0.0,20240809
257,0,0.0,20240809
258,0,0.0,20240809
259,0,0.0,20240809
260,1,9.01,20240809
261,0,0.0,20240809
262,0,0.0,20240809
263,0,0.0,20240809
264,5,9.19,20240809
265,0,0.0,20240809
266,0,0.0,20240809
267,0,0.0,20240809
268,0,0.0,20240809
269,0,0.0,20240809
270,1,9.13,20240809
271,1,9.15,20240809
272,0,0.0,20240809
273,0,0.0,20240809
274,0,0.0,20240809
275,0,0.0,20240809
276,0,0.0,20240809
277,0,0.0,20240809
278,0,0.0,20240809
279,7,9.63,20240809
280,4,9.7,20240809
281,0,0.0,20240809
282,10,10.07,20240809
283,0,0.0,20240809
284,5,9.94,20240809
285,1,10.04,20240809
286,0,0.0,20240809
287,0,0.0,20240809
288,4,10.06,20240809
289,1,10.17,20240809
290,1,10.17,20240809
291,5,10.48,20240809
292,0,0.0,20240809
293,2,10.29,20240809
294,1,10.21,20240809
295,1,10.5,20240809
296,3,10.31,20240809
297,0,0.0,20240809
298,1,9.7,20240809
299,0,0.0,20240809
300,1,10.1,20240809
301,0,0.0,20240809
302,0,0.0,20240809
303,2,10.12,20240809
304,5,10.26,20240809
305,101,10.01,20240809
306,1,9.54,20240809
307,0,0.0,20240809
308,1,9.29,20240809
309,0,0.0,20240809
310,1,9.1,20240809
311,0,0.0,20240809
312,0,0.0,20240809
313,2,9.19,20240809
314,0,0.0,20240809
315,3,8.78,20240809
316,0,0.0,20240809
317,0,0.0,20240809
318,1,8.8,20240809
319,0,0.0,20240809
320,0,0.0,20240809
321,0,0.0,20240809
322,4,8.1,20240809
323,0,0.0,20240809
324,1,8.25,20240809
325,0,0.0,20240809
326,0,0.0,20240809
327,0,0.0,20240809
328,0,0.0,20240809
329,2,8.08,20240809
330,0,0.0,20240809
331,0,0.0,20240809
332,0,0.0,20240809
333,5,8.92,20240809
334,0,0.0,20240809
335,0,0.0,20240809
336,0,0.0,20240809
337,0,0.0,20240809
338,1,9.07,20240809
339,0,0.0,20240809
340,0,0.0,20240809
341,0,0.0,20240809
342,0,0.0,20240809
343,10,8.85,20240809
344,0,0.0,20240809
345,0,0.0,20240809
346,0,0.0,20240809
347,5,9.93,20240809
348,0,0.0,20240809
349,0,0.0,20240809
350,0,0.0,20240809
351,0,0.0,20240809
352,0,0.0,20240809
353,10,8.81,20240809
354,3,8.72,20240809
355,1,8.52,20240809
356,0,0.0,20240809
357,0,0.0,20240809
358,0,0.0,20240809
359,1,8.07,20240809
360,0,0.0,20240809
361,0,0.0,20240809
362,0,0.0,20240809
363,0,0.0,20240809
364,0,0.0,20240809
365,0,0.0,20240809
366,0,0.0,20240809
367,1,7.75,20240809
368,0,0.0,20240809
369,0,0.0,20240809
370,1,7.74,20240809
371,2,7.5,20240809
372,0,0.0,20240809
373,1,7.8,20240809
374,0,0.0,20240809
375,1,8.12,20240809
376,2,7.85,20240809
377,1,8.16,20240809
378,3,8.43,20240809
379,3,8.35,20240809
380,4,8.88,20240809
381,102,9.3,20240809
382,0,0.0,20240809
383,0,0.0,20240809
384,1,8.64,20240809
385,7,8.26,20240809
386,100,8.36,20240809
387,1,8.47,20240809
388,3,8.67,20240809
389,2,8.48,20240809
390,41,8.39,20240809
391,0,0.0,20240808
392,1,8.49,20240808
393,6,8.65,20240808
394,2,8.44,20240808
395,1,8.62,20240808
396,0,0.0,20240808
397,3,9.17,20240808
398,0,0.0,20240808
399,0,0.0,20240808
400,0,0.0,20240808
401,2,9.02,20240808
402,0,0.0,20240808
403,100,8.76,20240808
404,0,0.0,20240808
405,1,9.3,20240808
406,2,9.37,20240808
407,0,0.0,20240808
408,0,0.0,20240808
409,1,8.63,20240808
410,0,0.0,20240808
411,4,8.25,20240808
412,2,8.22,20240808
413,0,0.0,20240808
414,50,7.71,20240808
415,0,0.0,20240808
416,1,8.04,20240808
417,0,0.0,20240808
418,1,8.22,20240808
419,3,8.41,20240808
420,0,0.0,20240808
421,2,8.5,20240808
422,5,8.73,20240808
423,0,0.0,20240808
424,0,0.0,20240808
425,0,0.0,20240808
426,0,0.0,20240808
427,0,0.0,20240808
428,0,0.0,20240808
429,1,9.08,20240808
430,1,9.13,20240808
431,0,0.0,20240808
432,0,0.0,20240808
433,0,0.0,20240808
434,1,9.14,20240808
435,1,9.2,20240808
436,0,0.0,20240808
437,0,0.0,20240808
438,0,0.0,20240808
439,0,0.0,20240808
440,4,9.53,20240808
441,0,0.0,20240808
442,8,9.05,20240808
443,1,8.9,20240808
444,0,0.0,20240808
445,3,8.54,20240808
446,0,0.0,20240808
447,2,8.78,20240808
448,2,8.85,20240808
449,0,0.0,20240808
450,4,9.1,20240808
451,1,9.33,20240808
452,0,0.0,20240808
453,0,0.0,20240808
454,0,0.0,20240808
455,0,0.0,20240808
456,0,0.0,20240808
457,0,0.0,20240808
458,0,0.0,20240808
459,0,0.0,20240808
460,0,0.0,20240808
461,0,0.0,20240808
462,0,0.0,20240808
463,0,0.0,20240808
464,1,9.35,20240808
465,0,0.0,20240808
466,0,0.0,20240808
467,0,0.0,20240808
468,0,0.0,20240808
469,0,0.0,20240808
470,8,9.05,20240808
471,1,9.43,20240808
472,0,0.0,20240808
473,0,0.0,20240808
474,0,0.0,20240808
475,2,9.67,20240808
476,0,0.0,20240808
477,0,0.0,20240808
478,0,0.0,20240808
479,0,0.0,20240808
480,0,0.0,20240808
481,0,0.0,20240808
482,0,0.0,20240808
483,1,9.31,20240808
484,1,9.93,20240808
485,0,0.0,20240808
486,1,10.29,20240808
487,0,0.0,20240808
488,0,0.0,20240808
489,10,10.12,20240808
490,0,0.0,20240808
491,0,0.0,20240808
492,0,0.0,20240808
493,1,10.08,20240808
494,6,10.14,20240808
495,7,10.02,20240808
496,0,0.0,20240808
497,0,0.0,20240808
498,0,0.0,20240808
499,0,0.0,20240808
500,0,0.0,20240808
501,0,0.0,20240808
502,0,0.0,20240808
503,0,0.0,20240808
504,0,0.0,20240808
505,1,10.0,20240808
506,2,9.85,20240808
507,5,9.71,20240808
508,0,0.0,20240808
509,1,9.47,20240808
510,0,0.0,20240808
511,0,0.0,20240808
512,3,9.45,20240808
513,0,0.0,20240808
514,0,0.0,20240808
515,0,0.0,20240808
516,0,0.0,20240808
517,0,0.0,20240808
518,0,0.0,20240808
519,0,0.0,20240808
520,0,0.0,20240808
521,0,0.0,20240808
522,0,0.0,20240808
523,0,0.0,20240808
524,6,9.59,20240808
525,0,0.0,20240808
526,0,0.0,20240808
527,0,0.0,20240808
528,0,0.0,20240808
529,1,9.39,20240808
530,2,9.44,20240808
531,0,0.0,20240808
532,2,9.26,20240808
533,2,9.55,20240808
534,0,0.0,20240808
535,4,9.41,20240808
536,2,9.74,20240808
537,0,0.0,20240808
538,1,9.52,20240808
539,2,9.56,20240808
540,2,9.5,20240808
541,1,9.25,20240808
542,0,0.0,20240808
543,0,0.0,20240808
544,0,0.0,20240808
545,1,8.7,20240808
546,0,0.0,20240808
547,50,8.74,20240808
548,0,0.0,20240808
549,1,8.95,20240808
550,1,8.86,20240808
551,5,8.52,20240808
552,0,0.0,20240808
553,0,0.0,20240808
554,0,0.0,20240808
555,0,0.0,20240808
556,0,0.0,20240808
557,1,8.0,20240808
558,0,0.0,20240808
559,0,0.0,20240808
560,1,7.83,20240808
561,0,0.0,20240808
562,0,0.0,20240808
563,0,0.0,20240808
564,1,7.25,20240808
565,1,7.42,20240808
566,2,7.49,20240808
567,3,7.46,20240808
568,1,7.61,20240808
569,0,0.0,20240808
570,0,0.0,20240808
571,0,0.0,20240808
572,0,0.0,20240808
573,0,0.0,20240808
574,0,0.0,20240808
575,0,0.0,20240808
576,0,0.0,20240808
577,10,7.91,20240808
578,1,7.82,20240808
579,0,0.0,20240808
580,0,0.0,20240808
581,0,0.0,20240808
582,0,0.0,20240808
583,1,7.81,20240808
584,16,7.63,20240808
585,0,0.0,20240808
586,0,0.0,20240808
587,34,7.33,20240808
588,100,7.22,20240808
589,0,0.0,20240808
590,0,0.0,20240808
591,0,0.0,20240808
592,1,7.27,20240808
593,2,7.28,20240808
594,0,0.0,20240808
595,0,0.0,20240808
596,0,0.0,20240808
597,0,0.0,20240808
598,0,0.0,20240808
599,1,7.65,20240808
600,0,0.0,20240808
601,0,0.0,20240808
602,1,8.35,20240808
603,0,0.0,20240808
604,0,0.0,20240808
605,0,0.0,20240808
606,0,0.0,20240808
607,3,8.45,20240808
608,0,0.0,20240808
609,1,8.5,20240808
610,0,0.0,20240808
611,0,0.0,20240808
612,0,0.0,20240808
613,4,8.18,20240808
614,0,0.0,20240808
615,1,8.32,20240808
616,0,0.0,20240808
617,1,8.26,20240808
618,1,8.39,20240808
619,2,8.57,20240808
620,0,0.0,20240808
621,0,0.0,20240808
622,0,0.0,20240808
623,0,0.0,20240808
624,1,8.62,20240808
625,1,8.51,20240808
626,0,0.0,20240808
627,0,0.0,20240808
628,0,0.0,20240808
629,1,7.81,20240808
630,0,0.0,20240808
631,0,0.0,20240808
632,0,0.0,20240808
633,0,0.0,20240808
634,0,0.0,20240808
635,0,0.0,20240808
636,0,0.0,20240808
637,0,0.0,20240808
638,0,0.0,20240808
639,0,0.0,20240808
640,0,0.0,20240808
641,1,7.36,20240808
642,0,0.0,20240808
643,1,7.54,20240808
644,0,0.0,20240808
645,0,0.0,20240808
646,0,0.0,20240808
647,0,0.0,20240808
648,0,0.0,20240808
649,5,7.54,20240808
650,0,0.0,20240808
651,0,0.0,20240808
652,0,0.0,20240808
653,1,7.67,20240808
654,0,0.0,20240808
655,4,7.96,20240808
656,2,8.05,20240808
657,0,0.0,20240808
658,2,8.21,20240808
659,0,0.0,20240808
660,0,0.0,20240808
661,1,8.17,20240808
662,0,0.0,20240808
663,0,0.0,20240808
664,1,8.1,20240808
665,2,8.13,20240808
666,0,0.0,20240808
667,0,0.0,20240808
668,1,7.65,20240808
669,21,7.57,20240808
670,12,7.5,20240808
671,1,7.28,20240808
672,0,0.0,20240808
673,5,7.15,20240808
674,0,0.0,20240808
675,0,0.0,20240808
676,200,7.22,20240808
677,2,7.17,20240808
678,3,7.12,20240808
679,2,7.35,20240808
680,7,7.78,20240808
681,1,8.03,20240808
682,0,0.0,20240808
683,0,0.0,20240808
684,1,8.1,20240808
685,1,7.99,20240808
686,1,8.1,20240808
687,10,8.0,20240808
688,0,0.0,20240808
689,1,8.04,20240808
690,1,8.03,20240808
691,1,8.15,20240808
692,0,0.0,20240808
693,1,8.14,20240808
694,1,7.95,20240808
695,6,8.01,20240808
696,0,0.0,20240808
697,0,0.0,20240808
698,0,0.0,20240808
699,2,8.14,20240808
700,3,8.26,20240808
701,7,8.25,20240808
702,5,8.13,20240808
703,1,7.99,20240808
704,0,0.0,20240808
705,2,7.63,20240808
706,2,7.56,20240808
707,61,7.55,20240808
708,2,7.71,20240808
709,9,7.98,20240808
710,0,0.0,20240808
711,8,7.9,20240808
712,1,8.1,20240808
713,1,8.0,20240808
714,1,7.9,20240808
715,7,7.66,20240808
716,2,7.75,20240808
717,2,7.6,20240808
718,0,0.0,20240808
719,5,7.81,20240808
720,10,7.88,20240808
721,7,8.0,20240808
722,10,7.65,20240808
723,5,7.8,20240808
724,2,7.54,20240808
725,40,7.54,20240808
726,2,7.07,20240808
727,2,6.82,20240808
728,3,7.01,20240808
729,8,6.69,20240808
730,3,6.81,20240808
731,21,6.97,20240808
732,9,7.03,20240808
733,2,7.4,20240808
734,24,7.3,20240808
735,3,6.84,20240808
736,21,6.79,20240808
737,18,6.95,20240808
738,2,6.81,20240808
739,4,6.49,20240808
740,1,6.65,20240808
741,1,6.48,20240808
742,0,0.0,20240808
743,1,6.35,20240808
744,7,6.48,20240808
745,13,6.64,20240808
746,15,7.0,20240808
747,12,6.95,20240808
748,8,6.78,20240808
749,28,6.45,20240808
750,10,6.38,20240808
751,51,6.21,20240808
752,2,5.76,20240808
753,8,5.8,20240808
754,23,5.73,20240808
755,103,5.95,20240808
756,13,5.8,20240808
757,100,5.43,20240808
758,58,5.26,20240808
759,96,4.88,20240808
760,180,4.66,20240808
761,105,4.65,20240808
762,63,4.55,20240808
763,32,4.85,20240808
764,7,5.35,20240808
765,92,5.18,20240808
766,9,5.12,20240808
767,10,5.41,20240808
768,34,5.52,20240808
769,32,5.4,20240808
770,59,5.07,20240808
771,7,5.23,20240808
772,54,5.24,20240808
773,18,5.3,20240808
774,15,5.6,20240808
775,15,5.46,20240808
776,22,5.4,20240808
777,15,5.1,20240808
778,30,5.11,20240808
779,77,5.3,20240808
780,232,5.54,20240808
781,23,3.74,20240807
782,32,3.62,20240807
783,62,3.66,20240807
784,60,3.6,20240807
785,7,3.7,20240807
786,29,3.81,20240807
787,15,4.21,20240807
788,5,4.15,20240807
789,23,4.26,20240807
790,23,4.42,20240807
791,5,4.7,20240807
792,73,4.67,20240807
793,19,4.59,20240807
794,74,4.77,20240807
795,1,4.55,20240807
796,13,4.51,20240807
797,118,4.47,20240807
798,10,4.62,20240807
799,44,4.68,20240807
800,17,4.64,20240807
801,5,4.76,20240807
802,33,4.8,20240807
803,67,4.98,20240807
804,2,4.88,20240807
805,5,4.66,20240807
806,18,4.62,20240807
807,26,4.93,20240807
808,92,4.88,20240807
809,7,4.54,20240807
810,19,4.57,20240807
811,18,4.79,20240807
812,21,4.7,20240807
813,16,4.6,20240807
814,7,4.61,20240807
815,13,4.75,20240807
816,4,4.73,20240807
817,10,4.7,20240807
818,6,4.8,20240807
819,56,4.97,20240807
820,122,5.22,20240807
821,124,4.93,20240807
822,87,4.93,20240807
823,40,4.8,20240807
824,17,4.78,20240807
825,7,4.73,20240807
826,119,4.56,20240807
827,19,4.66,20240807
828,4,4.93,20240807
829,136,4.95,20240807
830,11,4.88,20240807
831,28,4.77,20240807
832,110,4.9,20240807
833,128,4.73,20240807
834,44,4.97,20240807
835,26,4.87,20240807
836,45,4.95,20240807
837,14,4.75,20240807
838,91,4.64,20240807
839,17,4.21,20240807
840,1,4.16,20240807
841,52,4.11,20240807
842,72,4.27,20240807
843,182,4.21,20240807
844,224,4.13,20240807
845,50,4.31,20240807
846,3,4.11,20240807
847,40,4.03,20240807
848,0,0.0,20240807
849,14,3.99,20240807
850,25,4.2,20240807
851,52,4.21,20240807
852,53,4.03,20240807
853,30,4.1,20240807
854,36,4.48,20240807
855,0,0.0,20240807
856,20,4.38,20240807
857,30,4.46,20240807
858,18,4.5,20240807
859,17,4.65,20240807
860,11,4.57,20240807
861,0,0.0,20240807
862,11,4.37,20240807
863,18,4.33,20240807
864,44,4.34,20240807
865,8,4.29,20240807
866,16,4.37,20240807
867,12,4.47,20240807
868,5,4.37,20240807
869,42,4.44,20240807
870,15,4.64,20240807
871,45,4.69,20240807
872,4,4.64,20240807
873,19,4.72,20240807
874,8,4.85,20240807
875,215,4.83,20240807
876,17,4.55,20240807
877,40,4.64,20240807
878,126,4.53,20240807
879,7,4.63,20240807
880,26,4.44,20240807
881,187,4.44,20240807
882,19,4.32,20240807
883,44,4.53,20240807
884,25,4.37,20240807
885,35,4.46,20240807
886,10,4.56,20240807
887,24,4.57,20240807
888,29,4.75,20240807
889,109,4.77,20240807
890,35,4.85,20240807
891,0,0.0,20240807
892,25,4.96,20240807
893,24,4.9,20240807
894,6,5.06,20240807
895,3,5.26,20240807
896,16,5.08,20240807
897,72,5.18,20240807
898,25,5.29,20240807
899,26,5.27,20240807
900,17,5.3,20240807
901,5,5.33,20240807
902,9,5.15,20240807
903,28,5.26,20240807
904,4,5.21,20240807
905,6,5.34,20240807
906,6,5.48,20240807
907,7,5.35,20240807
908,15,5.35,20240807
909,4,5.52,20240807
910,8,5.55,20240807
911,1,5.58,20240807
912,0,0.0,20240807
913,0,0.0,20240807
914,2,6.11,20240807
915,2,6.11,20240807
916,0,0.0,20240807
917,31,6.07,20240807
918,1,6.22,20240807
919,20,6.52,20240807
920,0,0.0,20240807
921,0,0.0,20240807
922,1,6.65,20240807
923,1,6.42,20240807
924,34,6.42,20240807
925,4,6.41,20240807
926,12,6.44,20240807
927,0,0.0,20240807
928,1,6.28,20240807
929,24,6.37,20240807
930,0,0.0,20240807
931,0,0.0,20240807
932,39,6.29,20240807
933,11,6.33,20240807
934,1,6.51,20240807
935,32,6.55,20240807
936,7,6.28,20240807
937,5,6.16,20240807
938,1,6.18,20240807
939,5,5.97,20240807
940,3,6.0,20240807
941,23,5.76,20240807
942,3,5.67,20240807
943,11,5.85,20240807
944,1,5.98,20240807
945,3,5.89,20240807
946,51,5.98,20240807
947,17,6.09,20240807
948,53,5.93,20240807
949,48,6.0,20240807
950,2,6.36,20240807
951,4,6.31,20240807
952,2,6.79,20240807
953,9,6.85,20240807
954,9,6.92,20240807
955,4,6.75,20240807
956,10,6.76,20240807
957,29,6.7,20240807
958,5,6.63,20240807
959,1,7.01,20240807
960,1,6.99,20240807
961,0,0.0,20240807
962,3,6.99,20240807
963,1,7.2,20240807
964,2,7.2,20240807
965,3,7.1,20240807
966,3,6.97,20240807
967,12,6.91,20240807
968,0,0.0,20240807
969,0,0.0,20240807
970,3,6.96,20240807
971,1,7.25,20240807
972,0,0.0,20240807
973,0,0.0,20240807
974,0,0.0,20240807
975,0,0.0,20240807
976,3,7.55,20240807
977,0,0.0,20240807
978,0,0.0,20240807
979,0,0.0,20240807
980,0,0.0,20240807
981,0,0.0,20240807
982,0,0.0,20240807
983,1,8.18,20240807
984,2,8.5,20240807
985,0,0.0,20240807
986,0,0.0,20240807
987,0,0.0,20240807
988,0,0.0,20240807
989,0,0.0,20240807
990,0,0.0,20240807
991,0,0.0,20240807
992,0,0.0,20240807
993,0,0.0,20240807
994,0,0.0,20240807
995,0,0.0,20240807
996,0,0.0,20240807
997,0,0.0,20240807
998,0,0.0,20240807
999,0,0.0,20240807
1000,0,0.0,20240807
1001,0,0.0,20240807
1002,0,0.0,20240807
1003,0,0.0,20240807
1004,0,0.0,20240807
1005,0,0.0,20240807
1006,1,7.97,20240807
1007,0,0.0,20240807
1008,10,7.91,20240807
1009,0,0.0,20240807
1010,1,7.83,20240807
1011,0,0.0,20240807
1012,0,0.0,20240807
1013,0,0.0,20240807
1014,0,0.0,20240807
1015,0,0.0,20240807
1016,2,7.5,20240807
1017,4,8.0,20240807
1018,0,0.0,20240807
1019,1,8.31,20240807
1020,0,0.0,20240807
1021,0,0.0,20240807
1022,0,0.0,20240807
1023,0,0.0,20240807
1024,0,0.0,20240807
1025,0,0.0,20240807
1026,0,0.0,20240807
1027,0,0.0,20240807
1028,0,0.0,20240807
1029,0,0.0,20240807
1030,1,8.44,20240807
1031,0,0.0,20240807
1032,0,0.0,20240807
1033,0,0.0,20240807
1034,1,8.23,20240807
1035,9,8.47,20240807
1036,0,0.0,20240807
1037,0,0.0,20240807
1038,0,0.0,20240807
1039,0,0.0,20240807
1040,0,0.0,20240807
1041,0,0.0,20240807
1042,0,0.0,20240807
1043,0,0.0,20240807
1044,0,0.0,20240807
1045,0,0.0,20240807
1046,0,0.0,20240807
1047,0,0.0,20240807
1048,0,0.0,20240807
1049,0,0.0,20240807
1050,0,0.0,20240807
1051,0,0.0,20240807
1052,0,0.0,20240807
1053,0,0.0,20240807
1054,0,0.0,20240807
1055,1,9.49,20240807
1056,0,0.0,20240807
1057,0,0.0,20240807
1058,0,0.0,20240807
1059,0,0.0,20240807
1060,1,9.52,20240807
1061,0,0.0,20240807
1062,0,0.0,20240807
1063,1,9.66,20240807
1064,1,9.73,20240807
1065,1,10.06,20240807
1066,0,0.0,20240807
1067,0,0.0,20240807
1068,0,0.0,20240807
1069,0,0.0,20240807
1070,0,0.0,20240807
1071,0,0.0,20240807
1072,0,0.0,20240807
1073,0,0.0,20240807
1074,0,0.0,20240807
1075,0,0.0,20240807
1076,0,0.0,20240807
1077,0,0.0,20240807
1078,0,0.0,20240807
1079,0,0.0,20240807
1080,0,0.0,20240807
1081,0,0.0,20240807
1082,0,0.0,20240807
1083,1,10.3,20240807
1084,0,0.0,20240807
1085,0,0.0,20240807
1086,0,0.0,20240807
1087,0,0.0,20240807
1088,0,0.0,20240807
1089,0,0.0,20240807
1090,0,0.0,20240807
1091,0,0.0,20240807
1092,0,0.0,20240807
1093,0,0.0,20240807
1094,0,0.0,20240807
1095,0,0.0,20240807
1096,10,10.15,20240807
1097,0,0.0,20240807
1098,10,9.44,20240807
1099,0,0.0,20240807
1100,0,0.0,20240807
1101,0,0.0,20240807
1102,0,0.0,20240807
1103,0,0.0,20240807
1104,4,9.24,20240807
1105,0,0.0,20240807
1106,0,0.0,20240807
1107,0,0.0,20240807
1108,1,9.54,20240807
1109,0,0.0,20240807
1110,0,0.0,20240807
1111,0,0.0,20240807
1112,1,8.97,20240807
1113,0,0.0,20240807
1114,0,0.0,20240807
1115,0,0.0,20240807
1116,0,0.0,20240807
1117,0,0.0,20240807
1118,1,10.0,20240807
1119,0,0.0,20240807
1120,0,0.0,20240807
1121,0,0.0,20240807
1122,4,9.96,20240807
1123,0,0.0,20240807
1124,0,0.0,20240807
1125,2,10.39,20240807
1126,0,0.0,20240807
1127,0,0.0,20240807
1128,0,0.0,20240807
1129,0,0.0,20240807
1130,0,0.0,20240807
1131,0,0.0,20240807
1132,0,0.0,20240807
1133,1,10.54,20240807
1134,1,10.66,20240807
1135,3,10.14,20240807
1136,0,0.0,20240807
1137,0,0.0,20240807
1138,0,0.0,20240807
1139,1,11.21,20240807
1140,0,0.0,20240807
1141,0,0.0,20240807
1142,0,0.0,20240807
1143,0,0.0,20240807
1144,0,0.0,20240807
1145,2,10.1,20240807
1146,31,10.36,20240807
1147,0,0.0,20240807
1148,5,10.25,20240807
1149,0,0.0,20240807
1150,0,0.0,20240807
1151,0,0.0,20240807
1152,0,0.0,20240807
1153,4,10.02,20240807
1154,2,10.33,20240807
1155,1,10.11,20240807
1156,1,10.03,20240807
1157,0,0.0,20240807
1158,0,0.0,20240807
1159,1,9.82,20240807
1160,0,0.0,20240807
1161,0,0.0,20240807
1162,4,9.96,20240807
1163,0,0.0,20240807
1164,3,9.59,20240807
1165,7,9.45,20240807
1166,1,9.03,20240807
1167,2,9.02,20240807
1168,2,9.25,20240807
1169,4,9.2,20240807
1170,28,9.04,20240807
1171,147,6.15,20240806
1172,2,6.02,20240806
1173,41,6.16,20240806
1174,1,6.26,20240806
1175,0,0.0,20240806
1176,3,6.91,20240806
1177,9,6.96,20240806
1178,70,6.8,20240806
1179,1,7.68,20240806
1180,39,7.41,20240806
1181,2,7.27,20240806
1182,81,7.32,20240806
1183,245,7.3,20240806
1184,0,0.0,20240806
1185,1,7.87,20240806
1186,0,0.0,20240806
1187,0,0.0,20240806
1188,0,0.0,20240806
1189,0,0.0,20240806
1190,0,0.0,20240806
1191,0,0.0,20240806
1192,0,0.0,20240806
1193,0,0.0,20240806
1194,0,0.0,20240806
1195,0,0.0,20240806
1196,1,8.62,20240806
1197,0,0.0,20240806
1198,0,0.0,20240806
1199,0,0.0,20240806
1200,10,8.52,20240806
1201,0,0.0,20240806
1202,1,8.75,20240806
1203,0,0.0,20240806
1204,0,0.0,20240806
1205,0,0.0,20240806
1206,0,0.0,20240806
1207,0,0.0,20240806
1208,0,0.0,20240806
1209,1,8.45,20240806
1210,2,8.02,20240806
1211,20,8.03,20240806
1212,0,0.0,20240806
1213,0,0.0,20240806
1214,1,7.86,20240806
1215,0,0.0,20240806
1216,0,0.0,20240806
1217,0,0.0,20240806
1218,0,0.0,20240806
1219,0,0.0,20240806
1220,0,0.0,20240806
1221,0,0.0,20240806
1222,1,8.01,20240806
1223,1,7.82,20240806
1224,0,0.0,20240806
1225,3,8.36,20240806
1226,2,8.37,20240806
1227,5,8.32,20240806
1228,0,0.0,20240806
1229,0,0.0,20240806
1230,0,0.0,20240806
1231,0,0.0,20240806
1232,0,0.0,20240806
1233,2,9.88,20240806
1234,0,0.0,20240806
1235,0,0.0,20240806
1236,0,0.0,20240806
1237,0,0.0,20240806
1238,15,10.31,20240806
1239,0,0.0,20240806
1240,0,0.0,20240806
1241,0,0.0,20240806
1242,0,0.0,20240806
1243,0,0.0,20240806
1244,0,0.0,20240806
1245,0,0.0,20240806
1246,0,0.0,20240806
1247,0,0.0,20240806
1248,2,10.24,20240806
1249,1,10.22,20240806
1250,0,0.0,20240806
1251,20,10.36,20240806
1252,1,10.23,20240806
1253,2,10.35,20240806
1254,0,0.0,20240806
1255,0,0.0,20240806
1256,0,0.0,20240806
1257,0,0.0,20240806
1258,1,10.0,20240806
1259,0,0.0,20240806
1260,1,9.77,20240806
1261,0,0.0,20240806
1262,0,0.0,20240806
1263,0,0.0,20240806
1264,0,0.0,20240806
1265,0,0.0,20240806
1266,0,0.0,20240806
1267,2,9.79,20240806
1268,1,9.67,20240806
1269,3,9.72,20240806
1270,1,9.39,20240806
1271,0,0.0,20240806
1272,0,0.0,20240806
1273,0,0.0,20240806
1274,0,0.0,20240806
1275,0,0.0,20240806
1276,0,0.0,20240806
1277,0,0.0,20240806
1278,0,0.0,20240806
1279,0,0.0,20240806
1280,0,0.0,20240806
1281,0,0.0,20240806
1282,0,0.0,20240806
1283,0,0.0,20240806
1284,2,8.87,20240806
1285,1,8.89,20240806
1286,0,0.0,20240806
1287,0,0.0,20240806
1288,0,0.0,20240806
1289,1,9.13,20240806
1290,1,9.13,20240806
1291,0,0.0,20240806
1292,1,9.42,20240806
1293,0,0.0,20240806
1294,3,9.56,20240806
1295,0,0.0,20240806
1296,0,0.0,20240806
1297,3,9.15,20240806
1298,0,0.0,20240806
1299,0,0.0,20240806
1300,0,0.0,20240806
1301,0,0.0,20240806
1302,0,0.0,20240806
1303,2,9.0,20240806
1304,0,0.0,20240806
1305,0,0.0,20240806
1306,0,0.0,20240806
1307,0,0.0,20240806
1308,8,9.07,20240806
1309,0,0.0,20240806
1310,1,9.29,20240806
1311,10,9.4,20240806
1312,1,9.38,20240806
1313,1,9.33,20240806
1314,0,0.0,20240806
1315,1,9.1,20240806
1316,0,0.0,20240806
1317,0,0.0,20240806
1318,0,0.0,20240806
1319,0,0.0,20240806
1320,2,9.25,20240806
1321,0,0.0,20240806
1322,0,0.0,20240806
1323,0,0.0,20240806
1324,0,0.0,20240806
1325,0,0.0,20240806
1326,0,0.0,20240806
1327,1,8.69,20240806
1328,0,0.0,20240806
1329,0,0.0,20240806
1330,0,0.0,20240806
1331,0,0.0,20240806
1332,0,0.0,20240806
1333,0,0.0,20240806
1334,0,0.0,20240806
1335,2,8.95,20240806
1336,0,0.0,20240806
1337,0,0.0,20240806
1338,3,9.03,20240806
1339,0,0.0,20240806
1340,0,0.0,20240806
1341,0,0.0,20240806
1342,0,0.0,20240806
1343,0,0.0,20240806
1344,0,0.0,20240806
1345,0,0.0,20240806
1346,3,9.24,20240806
1347,0,0.0,20240806
1348,0,0.0,20240806
1349,0,0.0,20240806
1350,0,0.0,20240806
1351,8,9.24,20240806
1352,9,9.32,20240806
1353,0,0.0,20240806
1354,1,9.2,20240806
1355,1,9.13,20240806
1356,0,0.0,20240806
1357,3,9.04,20240806
1358,1,8.85,20240806
1359,0,0.0,20240806
1360,0,0.0,20240806
1361,0,0.0,20240806
1362,0,0.0,20240806
1363,0,0.0,20240806
1364,0,0.0,20240806
1365,0,0.0,20240806
1366,1,8.3,20240806
1367,0,0.0,20240806
1368,0,0.0,20240806
1369,0,0.0,20240806
1370,0,0.0,20240806
1371,0,0.0,20240806
1372,0,0.0,20240806
1373,1,7.9,20240806
1374,3,8.16,20240806
1375,0,0.0,20240806
1376,0,0.0,20240806
1377,5,8.35,20240806
1378,5,8.28,20240806
1379,0,0.0,20240806
1380,0,0.0,20240806
1381,0,0.0,20240806
1382,0,0.0,20240806
1383,0,0.0,20240806
1384,2,8.09,20240806
1385,0,0.0,20240806
1386,0,0.0,20240806
1387,0,0.0,20240806
1388,0,0.0,20240806
1389,1,8.57,20240806
1390,0,0.0,20240806
1391,0,0.0,20240806
1392,0,0.0,20240806
1393,1,8.81,20240806
1394,0,0.0,20240806
1395,6,8.75,20240806
1396,0,0.0,20240806
1397,0,0.0,20240806
1398,0,0.0,20240806
1399,1,8.4,20240806
1400,0,0.0,20240806
1401,0,0.0,20240806
1402,0,0.0,20240806
1403,1,8.32,20240806
1404,1,8.39,20240806
1405,0,0.0,20240806
1406,4,8.31,20240806
1407,10,8.55,20240806
1408,3,8.45,20240806
1409,1,8.39,20240806
1410,0,0.0,20240806
1411,0,0.0,20240806
1412,1,8.08,20240806
1413,0,0.0,20240806
1414,6,8.18,20240806
1415,0,0.0,20240806
1416,0,0.0,20240806
1417,3,8.07,20240806
1418,0,0.0,20240806
1419,0,0.0,20240806
1420,3,7.99,20240806
1421,1,7.76,20240806
1422,0,0.0,20240806
1423,0,0.0,20240806
1424,0,0.0,20240806
1425,0,0.0,20240806
1426,0,0.0,20240806
1427,5,7.06,20240806
1428,5,7.3,20240806
1429,0,0.0,20240806
1430,0,0.0,20240806
1431,1,7.2,20240806
1432,2,7.15,20240806
1433,8,7.35,20240806
1434,0,0.0,20240806
1435,2,7.02,20240806
1436,2,7.2,20240806
1437,19,7.15,20240806
1438,23,7.07,20240806
1439,14,6.62,20240806
1440,0,0.0,20240806
1441,10,6.68,20240806
1442,10,7.18,20240806
1443,1,7.45,20240806
1444,0,0.0,20240806
1445,0,0.0,20240806
1446,0,0.0,20240806
1447,21,7.58,20240806
1448,0,0.0,20240806
1449,0,0.0,20240806
1450,1,7.47,20240806
1451,1,7.67,20240806
1452,1,7.74,20240806
1453,44,7.42,20240806
1454,4,7.34,20240806
1455,2,7.61,20240806
1456,0,0.0,20240806
1457,5,7.78,20240806
1458,2,7.58,20240806
1459,0,0.0,20240806
1460,80,7.97,20240806
1461,0,0.0,20240806
1462,0,0.0,20240806
1463,0,0.0,20240806
1464,0,0.0,20240806
1465,0,0.0,20240806
1466,0,0.0,20240806
1467,2,8.23,20240806
1468,2,8.32,20240806
1469,1,8.29,20240806
1470,0,0.0,20240806
1471,0,0.0,20240806
1472,31,7.97,20240806
1473,1,8.08,20240806
1474,0,0.0,20240806
1475,0,0.0,20240806
1476,1,8.35,20240806
1477,1,8.45,20240806
1478,18,8.38,20240806
1479,0,0.0,20240806
1480,16,8.25,20240806
1481,4,8.74,20240806
1482,3,8.5,20240806
1483,3,8.56,20240806
1484,7,8.31,20240806
1485,21,8.0,20240806
1486,45,7.93,20240806
1487,20,7.8,20240806
1488,6,7.69,20240806
1489,4,7.6,20240806
1490,3,7.61,20240806
1491,10,7.6,20240806
1492,21,7.63,20240806
1493,8,7.52,20240806
1494,10,7.16,20240806
1495,2,6.99,20240806
1496,42,6.98,20240806
1497,4,6.7,20240806
1498,5,6.73,20240806
1499,4,6.57,20240806
1500,1,6.8,20240806
1501,1,7.41,20240806
1502,57,7.39,20240806
1503,80,7.32,20240806
1504,1,7.12,20240806
1505,7,7.33,20240806
1506,1,7.34,20240806
1507,1,7.06,20240806
1508,15,7.3,20240806
1509,91,7.16,20240806
1510,5,7.17,20240806
1511,8,7.14,20240806
1512,1,7.2,20240806
1513,50,6.95,20240806
1514,2,6.83,20240806
1515,9,6.75,20240806
1516,5,6.91,20240806
1517,84,7.26,20240806
1518,79,6.98,20240806
1519,7,7.05,20240806
1520,57,7.26,20240806
1521,37,7.38,20240806
1522,12,7.25,20240806
1523,68,7.06,20240806
1524,48,6.88,20240806
1525,101,6.95,20240806
1526,15,6.87,20240806
1527,7,6.7,20240806
1528,32,7.0,20240806
1529,9,6.68,20240806
1530,20,6.22,20240806
1531,8,6.45,20240806
1532,11,6.41,20240806
1533,31,6.67,20240806
1534,11,6.69,20240806
1535,21,6.49,20240806
1536,47,6.51,20240806
1537,59,6.4,20240806
1538,19,6.22,20240806
1539,0,0.0,20240806
1540,0,0.0,20240806
1541,13,5.77,20240806
1542,5,5.88,20240806
1543,5,5.81,20240806
1544,28,5.31,20240806
1545,22,5.18,20240806
1546,0,0.0,20240806
1547,5,5.2,20240806
1548,4,5.33,20240806
1549,5,5.25,20240806
1550,7,5.49,20240806
1551,20,5.84,20240806
1552,5,5.66,20240806
1553,23,5.64,20240806
1554,7,5.69,20240806
1555,4,5.82,20240806
1556,8,5.87,20240806
1557,0,0.0,20240806
1558,19,6.15,20240806
1559,12,5.7,20240806
1560,5,5.7,20240806
1561,6,6.0,20240805
1562,56,6.08,20240805
1563,30,5.8,20240805
1564,0,0.0,20240805
1565,0,0.0,20240805
1566,40,5.51,20240805
1567,0,0.0,20240805
1568,0,0.0,20240805
1569,11,5.55,20240805
1570,1,5.32,20240805
1571,53,5.26,20240805
1572,2,5.11,20240805
1573,0,0.0,20240805
1574,1,5.2,20240805
1575,2,5.07,20240805
1576,0,0.0,20240805
1577,23,5.26,20240805
1578,0,0.0,20240805
1579,3,5.37,20240805
1580,0,0.0,20240805
1581,1,5.45,20240805
1582,8,5.48,20240805
1583,5,5.64,20240805
1584,0,0.0,20240805
1585,0,0.0,20240805
1586,7,5.5,20240805
1587,0,0.0,20240805
1588,0,0.0,20240805
1589,48,5.41,20240805
1590,3,5.7,20240805
1591,3,5.61,20240805
1592,5,5.53,20240805
1593,10,5.69,20240805
1594,0,0.0,20240805
1595,0,0.0,20240805
1596,0,0.0,20240805
1597,2,5.59,20240805
1598,2,5.51,20240805
1599,1,5.61,20240805
1600,0,0.0,20240805
1601,0,0.0,20240805
1602,0,0.0,20240805
1603,5,5.41,20240805
1604,0,0.0,20240805
1605,0,0.0,20240805
1606,0,0.0,20240805
1607,0,0.0,20240805
1608,1,5.6,20240805
1609,0,0.0,20240805
1610,6,5.47,20240805
1611,0,0.0,20240805
1612,3,5.48,20240805
1613,0,0.0,20240805
1614,1,5.5,20240805
1615,0,0.0,20240805
1616,1,5.67,20240805
1617,6,5.61,20240805
1618,4,5.65,20240805
1619,4,5.35,20240805
1620,32,5.34,20240805
1621,2,5.23,20240805
1622,76,5.28,20240805
1623,1,5.23,20240805
1624,0,0.0,20240805
1625,1,5.23,20240805
1626,5,5.36,20240805
1627,25,5.47,20240805
1628,63,5.55,20240805
1629,17,5.39,20240805
1630,2,5.4,20240805
1631,4,5.26,20240805
1632,0,0.0,20240805
1633,13,5.49,20240805
1634,12,5.25,20240805
1635,7,5.42,20240805
1636,1,5.38,20240805
1637,2,5.54,20240805
1638,0,0.0,20240805
1639,5,5.64,20240805
1640,2,5.46,20240805
1641,2,5.71,20240805
1642,1,5.76,20240805
1643,2,5.8,20240805
1644,0,0.0,20240805
1645,0,0.0,20240805
1646,4,5.88,20240805
1647,5,5.98,20240805
1648,0,0.0,20240805
1649,5,6.12,20240805
1650,1,6.06,20240805
1651,1,6.0,20240805
1652,1,6.0,20240805
1653,0,0.0,20240805
1654,0,0.0,20240805
1655,0,0.0,20240805
1656,3,5.77,20240805
1657,2,5.8,20240805
1658,70,5.8,20240805
1659,1,5.91,20240805
1660,0,0.0,20240805
1661,0,0.0,20240805
1662,0,0.0,20240805
1663,0,0.0,20240805
1664,0,0.0,20240805
1665,0,0.0,20240805
1666,16,5.73,20240805
1667,1,5.75,20240805
1668,0,0.0,20240805
1669,0,0.0,20240805
1670,6,5.88,20240805
1671,2,5.98,20240805
1672,5,5.94,20240805
1673,0,0.0,20240805
1674,2,5.92,20240805
1675,1,5.87,20240805
1676,2,5.86,20240805
1677,8,5.94,20240805
1678,10,5.93,20240805
1679,31,5.88,20240805
1680,6,5.93,20240805
1681,2,6.2,20240805
1682,2,6.12,20240805
1683,1,6.25,20240805
1684,1,6.36,20240805
1685,2,6.39,20240805
1686,0,0.0,20240805
1687,0,0.0,20240805
1688,4,6.55,20240805
1689,3,6.41,20240805
1690,3,6.52,20240805
1691,6,6.48,20240805
1692,0,0.0,20240805
1693,2,6.46,20240805
1694,4,6.5,20240805
1695,8,6.56,20240805
1696,1,6.49,20240805
1697,2,6.57,20240805
1698,1,6.85,20240805
1699,1,6.72,20240805
1700,1,6.58,20240805
1701,0,0.0,20240805
1702,0,0.0,20240805
1703,26,6.46,20240805
1704,3,6.48,20240805
1705,1,6.44,20240805
1706,6,6.57,20240805
1707,1,6.4,20240805
1708,0,0.0,20240805
1709,0,0.0,20240805
1710,0,0.0,20240805
1711,2,6.45,20240805
1712,3,6.54,20240805
1713,0,0.0,20240805
1714,0,0.0,20240805
1715,1,6.61,20240805
1716,1,6.54,20240805
1717,0,0.0,20240805
1718,6,6.74,20240805
1719,0,0.0,20240805
1720,0,0.0,20240805
1721,0,0.0,20240805
1722,5,6.49,20240805
1723,9,6.53,20240805
1724,2,6.41,20240805
1725,1,6.34,20240805
1726,1,6.24,20240805
1727,0,0.0,20240805
1728,1,6.37,20240805
1729,0,0.0,20240805
1730,4,6.4,20240805
1731,2,6.5,20240805
1732,2,6.45,20240805
1733,0,0.0,20240805
1734,0,0.0,20240805
1735,4,6.11,20240805
1736,0,0.0,20240805
1737,0,0.0,20240805
1738,0,0.0,20240805
1739,0,0.0,20240805
1740,2,6.2,20240805
1741,0,0.0,20240805
1742,0,0.0,20240805
1743,0,0.0,20240805
1744,2,6.08,20240805
1745,10,5.95,20240805
1746,7,6.1,20240805
1747,1,6.32,20240805
1748,8,6.3,20240805
1749,0,0.0,20240805
1750,1,6.21,20240805
1751,14,6.4,20240805
1752,6,6.5,20240805
1753,7,6.37,20240805
1754,1,6.42,20240805
1755,9,6.67,20240805
1756,2,6.56,20240805
1757,14,6.7,20240805
1758,14,7.05,20240805
1759,2,6.85,20240805
1760,3,6.89,20240805
1761,4,6.82,20240805
1762,16,6.9,20240805
1763,29,6.83,20240805
1764,1,7.06,20240805
1765,7,7.05,20240805
1766,7,7.23,20240805
1767,9,7.27,20240805
1768,0,0.0,20240805
1769,7,7.42,20240805
1770,0,0.0,20240805
1771,2,7.93,20240805
1772,4,7.69,20240805
1773,13,7.68,20240805
1774,3,7.5,20240805
1775,13,7.35,20240805
1776,57,7.42,20240805
1777,6,7.23,20240805
1778,6,7.15,20240805
1779,3,7.03,20240805
1780,7,6.85,20240805
1781,16,7.0,20240805
1782,34,6.94,20240805
1783,0,0.0,20240805
1784,1,6.64,20240805
1785,4,6.62,20240805
1786,1,6.59,20240805
1787,1,6.57,20240805
1788,2,6.24,20240805
1789,12,6.43,20240805
1790,0,0.0,20240805
1791,3,6.39,20240805
1792,1,6.35,20240805
1793,1,6.23,20240805
1794,6,6.2,20240805
1795,2,6.0,20240805
1796,1,6.04,20240805
1797,3,6.07,20240805
1798,0,0.0,20240805
1799,0,0.0,20240805
1800,0,0.0,20240805
1801,0,0.0,20240805
1802,2,5.64,20240805
1803,10,5.75,20240805
1804,1,6.01,20240805
1805,0,0.0,20240805
1806,0,0.0,20240805
1807,0,0.0,20240805
1808,1,5.9,20240805
1809,0,0.0,20240805
1810,7,5.62,20240805
1811,0,0.0,20240805
1812,10,5.95,20240805
1813,0,0.0,20240805
1814,1,6.02,20240805
1815,0,0.0,20240805
1816,0,0.0,20240805
1817,16,5.75,20240805
1818,0,0.0,20240805
1819,15,6.0,20240805
1820,0,0.0,20240805
1821,6,6.38,20240805
1822,12,6.54,20240805
1823,9,6.55,20240805
1824,0,0.0,20240805
1825,0,0.0,20240805
1826,10,5.8,20240805
1827,78,6.15,20240805
1828,2,5.91,20240805
1829,16,5.72,20240805
1830,18,6.02,20240805
1831,4,5.95,20240805
1832,0,0.0,20240805
1833,20,6.0,20240805
1834,0,0.0,20240805
1835,1,6.3,20240805
1836,1,6.44,20240805
1837,3,6.37,20240805
1838,0,0.0,20240805
1839,0,0.0,20240805
1840,1,6.3,20240805
1841,2,6.12,20240805
1842,2,6.15,20240805
1843,0,0.0,20240805
1844,2,6.25,20240805
1845,16,6.13,20240805
1846,0,0.0,20240805
1847,1,6.0,20240805
1848,6,6.27,20240805
1849,1,6.1,20240805
1850,2,5.95,20240805
1851,0,0.0,20240805
1852,7,6.35,20240805
1853,31,5.49,20240805
1854,0,0.0,20240805
1855,0,0.0,20240805
1856,1,5.2,20240805
1857,0,0.0,20240805
1858,4,5.13,20240805
1859,6,5.01,20240805
1860,6,5.34,20240805
1861,0,0.0,20240805
1862,0,0.0,20240805
1863,0,0.0,20240805
1864,101,5.63,20240805
1865,0,0.0,20240805
1866,0,0.0,20240805
1867,30,6.0,20240805
1868,0,0.0,20240805
1869,0,0.0,20240805
1870,0,0.0,20240805
1871,3,5.25,20240805
1872,2,5.2,20240805
1873,12,5.45,20240805
1874,0,0.0,20240805
1875,0,0.0,20240805
1876,9,5.36,20240805
1877,0,0.0,20240805
1878,0,0.0,20240805
1879,0,0.0,20240805
1880,0,0.0,20240805
1881,0,0.0,20240805
1882,0,0.0,20240805
1883,0,0.0,20240805
1884,1,5.88,20240805
1885,4,6.04,20240805
1886,5,5.59,20240805
1887,0,0.0,20240805
1888,2,5.2,20240805
1889,0,0.0,20240805
1890,0,0.0,20240805
1891,0,0.0,20240805
1892,1,5.25,20240805
1893,0,0.0,20240805
1894,1,6.0,20240805
1895,0,0.0,20240805
1896,1,5.42,20240805
1897,8,5.5,20240805
1898,1,5.64,20240805
1899,2,5.7,20240805
1900,0,0.0,20240805
1901,0,0.0,20240805
1902,1,6.18,20240805
1903,1,6.12,20240805
1904,3,6.11,20240805
1905,0,0.0,20240805
1906,0,0.0,20240805
1907,0,0.0,20240805
1908,0,0.0,20240805
1909,1,5.9,20240805
1910,1,6.06,20240805
1911,3,6.2,20240805
1912,5,6.38,20240805
1913,89,6.54,20240805
1914,0,0.0,20240805
1915,1,6.41,20240805
1916,1,6.6,20240805
1917,8,6.63,20240805
1918,11,6.78,20240805
1919,1,6.87,20240805
1920,1,6.24,20240805
1921,1,5.6,20240805
1922,0,0.0,20240805
1923,5,5.48,20240805
1924,0,0.0,20240805
1925,1,5.55,20240805
1926,13,5.54,20240805
1927,0,0.0,20240805
1928,1,5.91,20240805
1929,2,6.0,20240805
1930,13,5.95,20240805
1931,4,6.06,20240805
1932,2,5.83,20240805
1933,0,0.0,20240805
1934,7,6.0,20240805
1935,0,0.0,20240805
1936,1,5.25,20240805
1937,10,5.36,20240805
1938,0,0.0,20240805
1939,1,5.59,20240805
1940,0,0.0,20240805
1941,30,5.75,20240805
1942,8,5.52,20240805
1943,0,0.0,20240805
1944,182,5.55,20240805
1945,0,0.0,20240805
1946,1,5.64,20240805
1947,5,5.7,20240805
1948,2,6.12,20240805
1949,1,6.37,20240805
1950,0,0.0,20240805
