Row Number,Volume,Close Price,Timestamp (EST)
1950,0,0.0,2024-08-05 09:30 AM
1949,1,6.37,2024-08-05 09:31 AM
1948,2,6.12,2024-08-05 09:32 AM
1947,5,5.7,2024-08-05 09:33 AM
1946,1,5.64,2024-08-05 09:34 AM
1945,0,0.0,2024-08-05 09:35 AM
1944,182,5.55,2024-08-05 09:36 AM
1943,0,0.0,2024-08-05 09:37 AM
1942,8,5.52,2024-08-05 09:38 AM
1941,30,5.75,2024-08-05 09:39 AM
1940,0,0.0,2024-08-05 09:40 AM
1939,1,5.59,2024-08-05 09:41 AM
1938,0,0.0,2024-08-05 09:42 AM
1937,10,5.36,2024-08-05 09:43 AM
1936,1,5.25,2024-08-05 09:44 AM
1935,0,0.0,2024-08-05 09:45 AM
1934,7,6.0,2024-08-05 09:46 AM
1933,0,0.0,2024-08-05 09:47 AM
1932,2,5.83,2024-08-05 09:48 AM
1931,4,6.06,2024-08-05 09:49 AM
1930,13,5.95,2024-08-05 09:50 AM
1929,2,6.0,2024-08-05 09:51 AM
1928,1,5.91,2024-08-05 09:52 AM
1927,0,0.0,2024-08-05 09:53 AM
1926,13,5.54,2024-08-05 09:54 AM
1925,1,5.55,2024-08-05 09:55 AM
1924,0,0.0,2024-08-05 09:56 AM
1923,5,5.48,2024-08-05 09:57 AM
1922,0,0.0,2024-08-05 09:58 AM
1921,1,5.6,2024-08-05 09:59 AM
1920,1,6.24,2024-08-05 10:00 AM
1919,1,6.87,2024-08-05 10:01 AM
1918,11,6.78,2024-08-05 10:02 AM
1917,8,6.63,2024-08-05 10:03 AM
1916,1,6.6,2024-08-05 10:04 AM
1915,1,6.41,2024-08-05 10:05 AM
1914,0,0.0,2024-08-05 10:06 AM
1913,89,6.54,2024-08-05 10:07 AM
1912,5,6.38,2024-08-05 10:08 AM
1911,3,6.2,2024-08-05 10:09 AM
1910,1,6.06,2024-08-05 10:10 AM
1909,1,5.9,2024-08-05 10:11 AM
1908,0,0.0,2024-08-05 10:12 AM
1907,0,0.0,2024-08-05 10:13 AM
1906,0,0.0,2024-08-05 10:14 AM
1905,0,0.0,2024-08-05 10:15 AM
1904,3,6.11,2024-08-05 10:16 AM
1903,1,6.12,2024-08-05 10:17 AM
1902,1,6.18,2024-08-05 10:18 AM
1901,0,0.0,2024-08-05 10:19 AM
1900,0,0.0,2024-08-05 10:20 AM
1899,2,5.7,2024-08-05 10:21 AM
1898,1,5.64,2024-08-05 10:22 AM
1897,8,5.5,2024-08-05 10:23 AM
1896,1,5.42,2024-08-05 10:24 AM
1895,0,0.0,2024-08-05 10:25 AM
1894,1,6.0,2024-08-05 10:26 AM
1893,0,0.0,2024-08-05 10:27 AM
1892,1,5.25,2024-08-05 10:28 AM
1891,0,0.0,2024-08-05 10:29 AM
1890,0,0.0,2024-08-05 10:30 AM
1889,0,0.0,2024-08-05 10:31 AM
1888,2,5.2,2024-08-05 10:32 AM
1887,0,0.0,2024-08-05 10:33 AM
1886,5,5.59,2024-08-05 10:34 AM
1885,4,6.04,2024-08-05 10:35 AM
1884,1,5.88,2024-08-05 10:36 AM
1883,0,0.0,2024-08-05 10:37 AM
1882,0,0.0,2024-08-05 10:38 AM
1881,0,0.0,2024-08-05 10:39 AM
1880,0,0.0,2024-08-05 10:40 AM
1879,0,0.0,2024-08-05 10:41 AM
1878,0,0.0,2024-08-05 10:42 AM
1877,0,0.0,2024-08-05 10:43 AM
1876,9,5.36,2024-08-05 10:44 AM
1875,0,0.0,2024-08-05 10:45 AM
1874,0,0.0,2024-08-05 10:46 AM
1873,12,5.45,2024-08-05 10:47 AM
1872,2,5.2,2024-08-05 10:48 AM
1871,3,5.25,2024-08-05 10:49 AM
1870,0,0.0,2024-08-05 10:50 AM
1869,0,0.0,2024-08-05 10:51 AM
1868,0,0.0,2024-08-05 10:52 AM
1867,30,6.0,2024-08-05 10:53 AM
1866,0,0.0,2024-08-05 10:54 AM
1865,0,0.0,2024-08-05 10:55 AM
1864,101,5.63,2024-08-05 10:56 AM
1863,0,0.0,2024-08-05 10:57 AM
1862,0,0.0,2024-08-05 10:58 AM
1861,0,0.0,2024-08-05 10:59 AM
1860,6,5.34,2024-08-05 11:00 AM
1859,6,5.01,2024-08-05 11:01 AM
1858,4,5.13,2024-08-05 11:02 AM
1857,0,0.0,2024-08-05 11:03 AM
1856,1,5.2,2024-08-05 11:04 AM
1855,0,0.0,2024-08-05 11:05 AM
1854,0,0.0,2024-08-05 11:06 AM
1853,31,5.49,2024-08-05 11:07 AM
1852,7,6.35,2024-08-05 11:08 AM
1851,0,0.0,2024-08-05 11:09 AM
1850,2,5.95,2024-08-05 11:10 AM
1849,1,6.1,2024-08-05 11:11 AM
1848,6,6.27,2024-08-05 11:12 AM
1847,1,6.0,2024-08-05 11:13 AM
1846,0,0.0,2024-08-05 11:14 AM
1845,16,6.13,2024-08-05 11:15 AM
1844,2,6.25,2024-08-05 11:16 AM
1843,0,0.0,2024-08-05 11:17 AM
1842,2,6.15,2024-08-05 11:18 AM
1841,2,6.12,2024-08-05 11:19 AM
1840,1,6.3,2024-08-05 11:20 AM
1839,0,0.0,2024-08-05 11:21 AM
1838,0,0.0,2024-08-05 11:22 AM
1837,3,6.37,2024-08-05 11:23 AM
1836,1,6.44,2024-08-05 11:24 AM
1835,1,6.3,2024-08-05 11:25 AM
1834,0,0.0,2024-08-05 11:26 AM
1833,20,6.0,2024-08-05 11:27 AM
1832,0,0.0,2024-08-05 11:28 AM
1831,4,5.95,2024-08-05 11:29 AM
1830,18,6.02,2024-08-05 11:30 AM
1829,16,5.72,2024-08-05 11:31 AM
1828,2,5.91,2024-08-05 11:32 AM
1827,78,6.15,2024-08-05 11:33 AM
1826,10,5.8,2024-08-05 11:34 AM
1825,0,0.0,2024-08-05 11:35 AM
1824,0,0.0,2024-08-05 11:36 AM
1823,9,6.55,2024-08-05 11:37 AM
1822,12,6.54,2024-08-05 11:38 AM
1821,6,6.38,2024-08-05 11:39 AM
1820,0,0.0,2024-08-05 11:40 AM
1819,15,6.0,2024-08-05 11:41 AM
1818,0,0.0,2024-08-05 11:42 AM
1817,16,5.75,2024-08-05 11:43 AM
1816,0,0.0,2024-08-05 11:44 AM
1815,0,0.0,2024-08-05 11:45 AM
1814,1,6.02,2024-08-05 11:46 AM
1813,0,0.0,2024-08-05 11:47 AM
1812,10,5.95,2024-08-05 11:48 AM
1811,0,0.0,2024-08-05 11:49 AM
1810,7,5.62,2024-08-05 11:50 AM
1809,0,0.0,2024-08-05 11:51 AM
1808,1,5.9,2024-08-05 11:52 AM
1807,0,0.0,2024-08-05 11:53 AM
1806,0,0.0,2024-08-05 11:54 AM
1805,0,0.0,2024-08-05 11:55 AM
1804,1,6.01,2024-08-05 11:56 AM
1803,10,5.75,2024-08-05 11:57 AM
1802,2,5.64,2024-08-05 11:58 AM
1801,0,0.0,2024-08-05 11:59 AM
1800,0,0.0,2024-08-05 12:00 PM
1799,0,0.0,2024-08-05 12:01 PM
1798,0,0.0,2024-08-05 12:02 PM
1797,3,6.07,2024-08-05 12:03 PM
1796,1,6.04,2024-08-05 12:04 PM
1795,2,6.0,2024-08-05 12:05 PM
1794,6,6.2,2024-08-05 12:06 PM
1793,1,6.23,2024-08-05 12:07 PM
1792,1,6.35,2024-08-05 12:08 PM
1791,3,6.39,2024-08-05 12:09 PM
1790,0,0.0,2024-08-05 12:10 PM
1789,12,6.43,2024-08-05 12:11 PM
1788,2,6.24,2024-08-05 12:12 PM
1787,1,6.57,2024-08-05 12:13 PM
1786,1,6.59,2024-08-05 12:14 PM
1785,4,6.62,2024-08-05 12:15 PM
1784,1,6.64,2024-08-05 12:16 PM
1783,0,0.0,2024-08-05 12:17 PM
1782,34,6.94,2024-08-05 12:18 PM
1781,16,7.0,2024-08-05 12:19 PM
1780,7,6.85,2024-08-05 12:20 PM
1779,3,7.03,2024-08-05 12:21 PM
1778,6,7.15,2024-08-05 12:22 PM
1777,6,7.23,2024-08-05 12:23 PM
1776,57,7.42,2024-08-05 12:24 PM
1775,13,7.35,2024-08-05 12:25 PM
1774,3,7.5,2024-08-05 12:26 PM
1773,13,7.68,2024-08-05 12:27 PM
1772,4,7.69,2024-08-05 12:28 PM
1771,2,7.93,2024-08-05 12:29 PM
1770,0,0.0,2024-08-05 12:30 PM
1769,7,7.42,2024-08-05 12:31 PM
1768,0,0.0,2024-08-05 12:32 PM
1767,9,7.27,2024-08-05 12:33 PM
1766,7,7.23,2024-08-05 12:34 PM
1765,7,7.05,2024-08-05 12:35 PM
1764,1,7.06,2024-08-05 12:36 PM
1763,29,6.83,2024-08-05 12:37 PM
1762,16,6.9,2024-08-05 12:38 PM
1761,4,6.82,2024-08-05 12:39 PM
1760,3,6.89,2024-08-05 12:40 PM
1759,2,6.85,2024-08-05 12:41 PM
1758,14,7.05,2024-08-05 12:42 PM
1757,14,6.7,2024-08-05 12:43 PM
1756,2,6.56,2024-08-05 12:44 PM
1755,9,6.67,2024-08-05 12:45 PM
1754,1,6.42,2024-08-05 12:46 PM
1753,7,6.37,2024-08-05 12:47 PM
1752,6,6.5,2024-08-05 12:48 PM
1751,14,6.4,2024-08-05 12:49 PM
1750,1,6.21,2024-08-05 12:50 PM
1749,0,0.0,2024-08-05 12:51 PM
1748,8,6.3,2024-08-05 12:52 PM
1747,1,6.32,2024-08-05 12:53 PM
1746,7,6.1,2024-08-05 12:54 PM
1745,10,5.95,2024-08-05 12:55 PM
1744,2,6.08,2024-08-05 12:56 PM
1743,0,0.0,2024-08-05 12:57 PM
1742,0,0.0,2024-08-05 12:58 PM
1741,0,0.0,2024-08-05 12:59 PM
1740,2,6.2,2024-08-05 01:00 PM
1739,0,0.0,2024-08-05 01:01 PM
1738,0,0.0,2024-08-05 01:02 PM
1737,0,0.0,2024-08-05 01:03 PM
1736,0,0.0,2024-08-05 01:04 PM
1735,4,6.11,2024-08-05 01:05 PM
1734,0,0.0,2024-08-05 01:06 PM
1733,0,0.0,2024-08-05 01:07 PM
1732,2,6.45,2024-08-05 01:08 PM
1731,2,6.5,2024-08-05 01:09 PM
1730,4,6.4,2024-08-05 01:10 PM
1729,0,0.0,2024-08-05 01:11 PM
1728,1,6.37,2024-08-05 01:12 PM
1727,0,0.0,2024-08-05 01:13 PM
1726,1,6.24,2024-08-05 01:14 PM
1725,1,6.34,2024-08-05 01:15 PM
1724,2,6.41,2024-08-05 01:16 PM
1723,9,6.53,2024-08-05 01:17 PM
1722,5,6.49,2024-08-05 01:18 PM
1721,0,0.0,2024-08-05 01:19 PM
1720,0,0.0,2024-08-05 01:20 PM
1719,0,0.0,2024-08-05 01:21 PM
1718,6,6.74,2024-08-05 01:22 PM
1717,0,0.0,2024-08-05 01:23 PM
1716,1,6.54,2024-08-05 01:24 PM
1715,1,6.61,2024-08-05 01:25 PM
1714,0,0.0,2024-08-05 01:26 PM
1713,0,0.0,2024-08-05 01:27 PM
1712,3,6.54,2024-08-05 01:28 PM
1711,2,6.45,2024-08-05 01:29 PM
1710,0,0.0,2024-08-05 01:30 PM
1709,0,0.0,2024-08-05 01:31 PM
1708,0,0.0,2024-08-05 01:32 PM
1707,1,6.4,2024-08-05 01:33 PM
1706,6,6.57,2024-08-05 01:34 PM
1705,1,6.44,2024-08-05 01:35 PM
1704,3,6.48,2024-08-05 01:36 PM
1703,26,6.46,2024-08-05 01:37 PM
1702,0,0.0,2024-08-05 01:38 PM
1701,0,0.0,2024-08-05 01:39 PM
1700,1,6.58,2024-08-05 01:40 PM
1699,1,6.72,2024-08-05 01:41 PM
1698,1,6.85,2024-08-05 01:42 PM
1697,2,6.57,2024-08-05 01:43 PM
1696,1,6.49,2024-08-05 01:44 PM
1695,8,6.56,2024-08-05 01:45 PM
1694,4,6.5,2024-08-05 01:46 PM
1693,2,6.46,2024-08-05 01:47 PM
1692,0,0.0,2024-08-05 01:48 PM
1691,6,6.48,2024-08-05 01:49 PM
1690,3,6.52,2024-08-05 01:50 PM
1689,3,6.41,2024-08-05 01:51 PM
1688,4,6.55,2024-08-05 01:52 PM
1687,0,0.0,2024-08-05 01:53 PM
1686,0,0.0,2024-08-05 01:54 PM
1685,2,6.39,2024-08-05 01:55 PM
1684,1,6.36,2024-08-05 01:56 PM
1683,1,6.25,2024-08-05 01:57 PM
1682,2,6.12,2024-08-05 01:58 PM
1681,2,6.2,2024-08-05 01:59 PM
1680,6,5.93,2024-08-05 02:00 PM
1679,31,5.88,2024-08-05 02:01 PM
1678,10,5.93,2024-08-05 02:02 PM
1677,8,5.94,2024-08-05 02:03 PM
1676,2,5.86,2024-08-05 02:04 PM
1675,1,5.87,2024-08-05 02:05 PM
1674,2,5.92,2024-08-05 02:06 PM
1673,0,0.0,2024-08-05 02:07 PM
1672,5,5.94,2024-08-05 02:08 PM
1671,2,5.98,2024-08-05 02:09 PM
1670,6,5.88,2024-08-05 02:10 PM
1669,0,0.0,2024-08-05 02:11 PM
1668,0,0.0,2024-08-05 02:12 PM
1667,1,5.75,2024-08-05 02:13 PM
1666,16,5.73,2024-08-05 02:14 PM
1665,0,0.0,2024-08-05 02:15 PM
1664,0,0.0,2024-08-05 02:16 PM
1663,0,0.0,2024-08-05 02:17 PM
1662,0,0.0,2024-08-05 02:18 PM
1661,0,0.0,2024-08-05 02:19 PM
1660,0,0.0,2024-08-05 02:20 PM
1659,1,5.91,2024-08-05 02:21 PM
1658,70,5.8,2024-08-05 02:22 PM
1657,2,5.8,2024-08-05 02:23 PM
1656,3,5.77,2024-08-05 02:24 PM
1655,0,0.0,2024-08-05 02:25 PM
1654,0,0.0,2024-08-05 02:26 PM
1653,0,0.0,2024-08-05 02:27 PM
1652,1,6.0,2024-08-05 02:28 PM
1651,1,6.0,2024-08-05 02:29 PM
1650,1,6.06,2024-08-05 02:30 PM
1649,5,6.12,2024-08-05 02:31 PM
1648,0,0.0,2024-08-05 02:32 PM
1647,5,5.98,2024-08-05 02:33 PM
1646,4,5.88,2024-08-05 02:34 PM
1645,0,0.0,2024-08-05 02:35 PM
1644,0,0.0,2024-08-05 02:36 PM
1643,2,5.8,2024-08-05 02:37 PM
1642,1,5.76,2024-08-05 02:38 PM
1641,2,5.71,2024-08-05 02:39 PM
1640,2,5.46,2024-08-05 02:40 PM
1639,5,5.64,2024-08-05 02:41 PM
1638,0,0.0,2024-08-05 02:42 PM
1637,2,5.54,2024-08-05 02:43 PM
1636,1,5.38,2024-08-05 02:44 PM
1635,7,5.42,2024-08-05 02:45 PM
1634,12,5.25,2024-08-05 02:46 PM
1633,13,5.49,2024-08-05 02:47 PM
1632,0,0.0,2024-08-05 02:48 PM
1631,4,5.26,2024-08-05 02:49 PM
1630,2,5.4,2024-08-05 02:50 PM
1629,17,5.39,2024-08-05 02:51 PM
1628,63,5.55,2024-08-05 02:52 PM
1627,25,5.47,2024-08-05 02:53 PM
1626,5,5.36,2024-08-05 02:54 PM
1625,1,5.23,2024-08-05 02:55 PM
1624,0,0.0,2024-08-05 02:56 PM
1623,1,5.23,2024-08-05 02:57 PM
1622,76,5.28,2024-08-05 02:58 PM
1621,2,5.23,2024-08-05 02:59 PM
1620,32,5.34,2024-08-05 03:00 PM
1619,4,5.35,2024-08-05 03:01 PM
1618,4,5.65,2024-08-05 03:02 PM
1617,6,5.61,2024-08-05 03:03 PM
1616,1,5.67,2024-08-05 03:04 PM
1615,0,0.0,2024-08-05 03:05 PM
1614,1,5.5,2024-08-05 03:06 PM
1613,0,0.0,2024-08-05 03:07 PM
1612,3,5.48,2024-08-05 03:08 PM
1611,0,0.0,2024-08-05 03:09 PM
1610,6,5.47,2024-08-05 03:10 PM
1609,0,0.0,2024-08-05 03:11 PM
1608,1,5.6,2024-08-05 03:12 PM
1607,0,0.0,2024-08-05 03:13 PM
1606,0,0.0,2024-08-05 03:14 PM
1605,0,0.0,2024-08-05 03:15 PM
1604,0,0.0,2024-08-05 03:16 PM
1603,5,5.41,2024-08-05 03:17 PM
1602,0,0.0,2024-08-05 03:18 PM
1601,0,0.0,2024-08-05 03:19 PM
1600,0,0.0,2024-08-05 03:20 PM
1599,1,5.61,2024-08-05 03:21 PM
1598,2,5.51,2024-08-05 03:22 PM
1597,2,5.59,2024-08-05 03:23 PM
1596,0,0.0,2024-08-05 03:24 PM
1595,0,0.0,2024-08-05 03:25 PM
1594,0,0.0,2024-08-05 03:26 PM
1593,10,5.69,2024-08-05 03:27 PM
1592,5,5.53,2024-08-05 03:28 PM
1591,3,5.61,2024-08-05 03:29 PM
1590,3,5.7,2024-08-05 03:30 PM
1589,48,5.41,2024-08-05 03:31 PM
1588,0,0.0,2024-08-05 03:32 PM
1587,0,0.0,2024-08-05 03:33 PM
1586,7,5.5,2024-08-05 03:34 PM
1585,0,0.0,2024-08-05 03:35 PM
1584,0,0.0,2024-08-05 03:36 PM
1583,5,5.64,2024-08-05 03:37 PM
1582,8,5.48,2024-08-05 03:38 PM
1581,1,5.45,2024-08-05 03:39 PM
1580,0,0.0,2024-08-05 03:40 PM
1579,3,5.37,2024-08-05 03:41 PM
1578,0,0.0,2024-08-05 03:42 PM
1577,23,5.26,2024-08-05 03:43 PM
1576,0,0.0,2024-08-05 03:44 PM
1575,2,5.07,2024-08-05 03:45 PM
1574,1,5.2,2024-08-05 03:46 PM
1573,0,0.0,2024-08-05 03:47 PM
1572,2,5.11,2024-08-05 03:48 PM
1571,53,5.26,2024-08-05 03:49 PM
1570,1,5.32,2024-08-05 03:50 PM
1569,11,5.55,2024-08-05 03:51 PM
1568,0,0.0,2024-08-05 03:52 PM
1567,0,0.0,2024-08-05 03:53 PM
1566,40,5.51,2024-08-05 03:54 PM
1565,0,0.0,2024-08-05 03:55 PM
1564,0,0.0,2024-08-05 03:56 PM
1563,30,5.8,2024-08-05 03:57 PM
1562,56,6.08,2024-08-05 03:58 PM
1561,6,6.0,2024-08-05 03:59 PM
1560,5,5.7,2024-08-06 09:30 AM
1559,12,5.7,2024-08-06 09:31 AM
1558,19,6.15,2024-08-06 09:32 AM
1557,0,0.0,2024-08-06 09:33 AM
1556,8,5.87,2024-08-06 09:34 AM
1555,4,5.82,2024-08-06 09:35 AM
1554,7,5.69,2024-08-06 09:36 AM
1553,23,5.64,2024-08-06 09:37 AM
1552,5,5.66,2024-08-06 09:38 AM
1551,20,5.84,2024-08-06 09:39 AM
1550,7,5.49,2024-08-06 09:40 AM
1549,5,5.25,2024-08-06 09:41 AM
1548,4,5.33,2024-08-06 09:42 AM
1547,5,5.2,2024-08-06 09:43 AM
1546,0,0.0,2024-08-06 09:44 AM
1545,22,5.18,2024-08-06 09:45 AM
1544,28,5.31,2024-08-06 09:46 AM
1543,5,5.81,2024-08-06 09:47 AM
1542,5,5.88,2024-08-06 09:48 AM
1541,13,5.77,2024-08-06 09:49 AM
1540,0,0.0,2024-08-06 09:50 AM
1539,0,0.0,2024-08-06 09:51 AM
1538,19,6.22,2024-08-06 09:52 AM
1537,59,6.4,2024-08-06 09:53 AM
1536,47,6.51,2024-08-06 09:54 AM
1535,21,6.49,2024-08-06 09:55 AM
1534,11,6.69,2024-08-06 09:56 AM
1533,31,6.67,2024-08-06 09:57 AM
1532,11,6.41,2024-08-06 09:58 AM
1531,8,6.45,2024-08-06 09:59 AM
1530,20,6.22,2024-08-06 10:00 AM
1529,9,6.68,2024-08-06 10:01 AM
1528,32,7.0,2024-08-06 10:02 AM
1527,7,6.7,2024-08-06 10:03 AM
1526,15,6.87,2024-08-06 10:04 AM
1525,101,6.95,2024-08-06 10:05 AM
1524,48,6.88,2024-08-06 10:06 AM
1523,68,7.06,2024-08-06 10:07 AM
1522,12,7.25,2024-08-06 10:08 AM
1521,37,7.38,2024-08-06 10:09 AM
1520,57,7.26,2024-08-06 10:10 AM
1519,7,7.05,2024-08-06 10:11 AM
1518,79,6.98,2024-08-06 10:12 AM
1517,84,7.26,2024-08-06 10:13 AM
1516,5,6.91,2024-08-06 10:14 AM
1515,9,6.75,2024-08-06 10:15 AM
1514,2,6.83,2024-08-06 10:16 AM
1513,50,6.95,2024-08-06 10:17 AM
1512,1,7.2,2024-08-06 10:18 AM
1511,8,7.14,2024-08-06 10:19 AM
1510,5,7.17,2024-08-06 10:20 AM
1509,91,7.16,2024-08-06 10:21 AM
1508,15,7.3,2024-08-06 10:22 AM
1507,1,7.06,2024-08-06 10:23 AM
1506,1,7.34,2024-08-06 10:24 AM
1505,7,7.33,2024-08-06 10:25 AM
1504,1,7.12,2024-08-06 10:26 AM
1503,80,7.32,2024-08-06 10:27 AM
1502,57,7.39,2024-08-06 10:28 AM
1501,1,7.41,2024-08-06 10:29 AM
1500,1,6.8,2024-08-06 10:30 AM
1499,4,6.57,2024-08-06 10:31 AM
1498,5,6.73,2024-08-06 10:32 AM
1497,4,6.7,2024-08-06 10:33 AM
1496,42,6.98,2024-08-06 10:34 AM
1495,2,6.99,2024-08-06 10:35 AM
1494,10,7.16,2024-08-06 10:36 AM
1493,8,7.52,2024-08-06 10:37 AM
1492,21,7.63,2024-08-06 10:38 AM
1491,10,7.6,2024-08-06 10:39 AM
1490,3,7.61,2024-08-06 10:40 AM
1489,4,7.6,2024-08-06 10:41 AM
1488,6,7.69,2024-08-06 10:42 AM
1487,20,7.8,2024-08-06 10:43 AM
1486,45,7.93,2024-08-06 10:44 AM
1485,21,8.0,2024-08-06 10:45 AM
1484,7,8.31,2024-08-06 10:46 AM
1483,3,8.56,2024-08-06 10:47 AM
1482,3,8.5,2024-08-06 10:48 AM
1481,4,8.74,2024-08-06 10:49 AM
1480,16,8.25,2024-08-06 10:50 AM
1479,0,0.0,2024-08-06 10:51 AM
1478,18,8.38,2024-08-06 10:52 AM
1477,1,8.45,2024-08-06 10:53 AM
1476,1,8.35,2024-08-06 10:54 AM
1475,0,0.0,2024-08-06 10:55 AM
1474,0,0.0,2024-08-06 10:56 AM
1473,1,8.08,2024-08-06 10:57 AM
1472,31,7.97,2024-08-06 10:58 AM
1471,0,0.0,2024-08-06 10:59 AM
1470,0,0.0,2024-08-06 11:00 AM
1469,1,8.29,2024-08-06 11:01 AM
1468,2,8.32,2024-08-06 11:02 AM
1467,2,8.23,2024-08-06 11:03 AM
1466,0,0.0,2024-08-06 11:04 AM
1465,0,0.0,2024-08-06 11:05 AM
1464,0,0.0,2024-08-06 11:06 AM
1463,0,0.0,2024-08-06 11:07 AM
1462,0,0.0,2024-08-06 11:08 AM
1461,0,0.0,2024-08-06 11:09 AM
1460,80,7.97,2024-08-06 11:10 AM
1459,0,0.0,2024-08-06 11:11 AM
1458,2,7.58,2024-08-06 11:12 AM
1457,5,7.78,2024-08-06 11:13 AM
1456,0,0.0,2024-08-06 11:14 AM
1455,2,7.61,2024-08-06 11:15 AM
1454,4,7.34,2024-08-06 11:16 AM
1453,44,7.42,2024-08-06 11:17 AM
1452,1,7.74,2024-08-06 11:18 AM
1451,1,7.67,2024-08-06 11:19 AM
1450,1,7.47,2024-08-06 11:20 AM
1449,0,0.0,2024-08-06 11:21 AM
1448,0,0.0,2024-08-06 11:22 AM
1447,21,7.58,2024-08-06 11:23 AM
1446,0,0.0,2024-08-06 11:24 AM
1445,0,0.0,2024-08-06 11:25 AM
1444,0,0.0,2024-08-06 11:26 AM
1443,1,7.45,2024-08-06 11:27 AM
1442,10,7.18,2024-08-06 11:28 AM
1441,10,6.68,2024-08-06 11:29 AM
1440,0,0.0,2024-08-06 11:30 AM
1439,14,6.62,2024-08-06 11:31 AM
1438,23,7.07,2024-08-06 11:32 AM
1437,19,7.15,2024-08-06 11:33 AM
1436,2,7.2,2024-08-06 11:34 AM
1435,2,7.02,2024-08-06 11:35 AM
1434,0,0.0,2024-08-06 11:36 AM
1433,8,7.35,2024-08-06 11:37 AM
1432,2,7.15,2024-08-06 11:38 AM
1431,1,7.2,2024-08-06 11:39 AM
1430,0,0.0,2024-08-06 11:40 AM
1429,0,0.0,2024-08-06 11:41 AM
1428,5,7.3,2024-08-06 11:42 AM
1427,5,7.06,2024-08-06 11:43 AM
1426,0,0.0,2024-08-06 11:44 AM
1425,0,0.0,2024-08-06 11:45 AM
1424,0,0.0,2024-08-06 11:46 AM
1423,0,0.0,2024-08-06 11:47 AM
1422,0,0.0,2024-08-06 11:48 AM
1421,1,7.76,2024-08-06 11:49 AM
1420,3,7.99,2024-08-06 11:50 AM
1419,0,0.0,2024-08-06 11:51 AM
1418,0,0.0,2024-08-06 11:52 AM
1417,3,8.07,2024-08-06 11:53 AM
1416,0,0.0,2024-08-06 11:54 AM
1415,0,0.0,2024-08-06 11:55 AM
1414,6,8.18,2024-08-06 11:56 AM
1413,0,0.0,2024-08-06 11:57 AM
1412,1,8.08,2024-08-06 11:58 AM
1411,0,0.0,2024-08-06 11:59 AM
1410,0,0.0,2024-08-06 12:00 PM
1409,1,8.39,2024-08-06 12:01 PM
1408,3,8.45,2024-08-06 12:02 PM
1407,10,8.55,2024-08-06 12:03 PM
1406,4,8.31,2024-08-06 12:04 PM
1405,0,0.0,2024-08-06 12:05 PM
1404,1,8.39,2024-08-06 12:06 PM
1403,1,8.32,2024-08-06 12:07 PM
1402,0,0.0,2024-08-06 12:08 PM
1401,0,0.0,2024-08-06 12:09 PM
1400,0,0.0,2024-08-06 12:10 PM
1399,1,8.4,2024-08-06 12:11 PM
1398,0,0.0,2024-08-06 12:12 PM
1397,0,0.0,2024-08-06 12:13 PM
1396,0,0.0,2024-08-06 12:14 PM
1395,6,8.75,2024-08-06 12:15 PM
1394,0,0.0,2024-08-06 12:16 PM
1393,1,8.81,2024-08-06 12:17 PM
1392,0,0.0,2024-08-06 12:18 PM
1391,0,0.0,2024-08-06 12:19 PM
1390,0,0.0,2024-08-06 12:20 PM
1389,1,8.57,2024-08-06 12:21 PM
1388,0,0.0,2024-08-06 12:22 PM
1387,0,0.0,2024-08-06 12:23 PM
1386,0,0.0,2024-08-06 12:24 PM
1385,0,0.0,2024-08-06 12:25 PM
1384,2,8.09,2024-08-06 12:26 PM
1383,0,0.0,2024-08-06 12:27 PM
1382,0,0.0,2024-08-06 12:28 PM
1381,0,0.0,2024-08-06 12:29 PM
1380,0,0.0,2024-08-06 12:30 PM
1379,0,0.0,2024-08-06 12:31 PM
1378,5,8.28,2024-08-06 12:32 PM
1377,5,8.35,2024-08-06 12:33 PM
1376,0,0.0,2024-08-06 12:34 PM
1375,0,0.0,2024-08-06 12:35 PM
1374,3,8.16,2024-08-06 12:36 PM
1373,1,7.9,2024-08-06 12:37 PM
1372,0,0.0,2024-08-06 12:38 PM
1371,0,0.0,2024-08-06 12:39 PM
1370,0,0.0,2024-08-06 12:40 PM
1369,0,0.0,2024-08-06 12:41 PM
1368,0,0.0,2024-08-06 12:42 PM
1367,0,0.0,2024-08-06 12:43 PM
1366,1,8.3,2024-08-06 12:44 PM
1365,0,0.0,2024-08-06 12:45 PM
1364,0,0.0,2024-08-06 12:46 PM
1363,0,0.0,2024-08-06 12:47 PM
1362,0,0.0,2024-08-06 12:48 PM
1361,0,0.0,2024-08-06 12:49 PM
1360,0,0.0,2024-08-06 12:50 PM
1359,0,0.0,2024-08-06 12:51 PM
1358,1,8.85,2024-08-06 12:52 PM
1357,3,9.04,2024-08-06 12:53 PM
1356,0,0.0,2024-08-06 12:54 PM
1355,1,9.13,2024-08-06 12:55 PM
1354,1,9.2,2024-08-06 12:56 PM
1353,0,0.0,2024-08-06 12:57 PM
1352,9,9.32,2024-08-06 12:58 PM
1351,8,9.24,2024-08-06 12:59 PM
1350,0,0.0,2024-08-06 01:00 PM
1349,0,0.0,2024-08-06 01:01 PM
1348,0,0.0,2024-08-06 01:02 PM
1347,0,0.0,2024-08-06 01:03 PM
1346,3,9.24,2024-08-06 01:04 PM
1345,0,0.0,2024-08-06 01:05 PM
1344,0,0.0,2024-08-06 01:06 PM
1343,0,0.0,2024-08-06 01:07 PM
1342,0,0.0,2024-08-06 01:08 PM
1341,0,0.0,2024-08-06 01:09 PM
1340,0,0.0,2024-08-06 01:10 PM
1339,0,0.0,2024-08-06 01:11 PM
1338,3,9.03,2024-08-06 01:12 PM
1337,0,0.0,2024-08-06 01:13 PM
1336,0,0.0,2024-08-06 01:14 PM
1335,2,8.95,2024-08-06 01:15 PM
1334,0,0.0,2024-08-06 01:16 PM
1333,0,0.0,2024-08-06 01:17 PM
1332,0,0.0,2024-08-06 01:18 PM
1331,0,0.0,2024-08-06 01:19 PM
1330,0,0.0,2024-08-06 01:20 PM
1329,0,0.0,2024-08-06 01:21 PM
1328,0,0.0,2024-08-06 01:22 PM
1327,1,8.69,2024-08-06 01:23 PM
1326,0,0.0,2024-08-06 01:24 PM
1325,0,0.0,2024-08-06 01:25 PM
1324,0,0.0,2024-08-06 01:26 PM
1323,0,0.0,2024-08-06 01:27 PM
1322,0,0.0,2024-08-06 01:28 PM
1321,0,0.0,2024-08-06 01:29 PM
1320,2,9.25,2024-08-06 01:30 PM
1319,0,0.0,2024-08-06 01:31 PM
1318,0,0.0,2024-08-06 01:32 PM
1317,0,0.0,2024-08-06 01:33 PM
1316,0,0.0,2024-08-06 01:34 PM
1315,1,9.1,2024-08-06 01:35 PM
1314,0,0.0,2024-08-06 01:36 PM
1313,1,9.33,2024-08-06 01:37 PM
1312,1,9.38,2024-08-06 01:38 PM
1311,10,9.4,2024-08-06 01:39 PM
1310,1,9.29,2024-08-06 01:40 PM
1309,0,0.0,2024-08-06 01:41 PM
1308,8,9.07,2024-08-06 01:42 PM
1307,0,0.0,2024-08-06 01:43 PM
1306,0,0.0,2024-08-06 01:44 PM
1305,0,0.0,2024-08-06 01:45 PM
1304,0,0.0,2024-08-06 01:46 PM
1303,2,9.0,2024-08-06 01:47 PM
1302,0,0.0,2024-08-06 01:48 PM
1301,0,0.0,2024-08-06 01:49 PM
1300,0,0.0,2024-08-06 01:50 PM
1299,0,0.0,2024-08-06 01:51 PM
1298,0,0.0,2024-08-06 01:52 PM
1297,3,9.15,2024-08-06 01:53 PM
1296,0,0.0,2024-08-06 01:54 PM
1295,0,0.0,2024-08-06 01:55 PM
1294,3,9.56,2024-08-06 01:56 PM
1293,0,0.0,2024-08-06 01:57 PM
1292,1,9.42,2024-08-06 01:58 PM
1291,0,0.0,2024-08-06 01:59 PM
1290,1,9.13,2024-08-06 02:00 PM
1289,1,9.13,2024-08-06 02:01 PM
1288,0,0.0,2024-08-06 02:02 PM
1287,0,0.0,2024-08-06 02:03 PM
1286,0,0.0,2024-08-06 02:04 PM
1285,1,8.89,2024-08-06 02:05 PM
1284,2,8.87,2024-08-06 02:06 PM
1283,0,0.0,2024-08-06 02:07 PM
1282,0,0.0,2024-08-06 02:08 PM
1281,0,0.0,2024-08-06 02:09 PM
1280,0,0.0,2024-08-06 02:10 PM
1279,0,0.0,2024-08-06 02:11 PM
1278,0,0.0,2024-08-06 02:12 PM
1277,0,0.0,2024-08-06 02:13 PM
1276,0,0.0,2024-08-06 02:14 PM
1275,0,0.0,2024-08-06 02:15 PM
1274,0,0.0,2024-08-06 02:16 PM
1273,0,0.0,2024-08-06 02:17 PM
1272,0,0.0,2024-08-06 02:18 PM
1271,0,0.0,2024-08-06 02:19 PM
1270,1,9.39,2024-08-06 02:20 PM
1269,3,9.72,2024-08-06 02:21 PM
1268,1,9.67,2024-08-06 02:22 PM
1267,2,9.79,2024-08-06 02:23 PM
1266,0,0.0,2024-08-06 02:24 PM
1265,0,0.0,2024-08-06 02:25 PM
1264,0,0.0,2024-08-06 02:26 PM
1263,0,0.0,2024-08-06 02:27 PM
1262,0,0.0,2024-08-06 02:28 PM
1261,0,0.0,2024-08-06 02:29 PM
1260,1,9.77,2024-08-06 02:30 PM
1259,0,0.0,2024-08-06 02:31 PM
1258,1,10.0,2024-08-06 02:32 PM
1257,0,0.0,2024-08-06 02:33 PM
1256,0,0.0,2024-08-06 02:34 PM
1255,0,0.0,2024-08-06 02:35 PM
1254,0,0.0,2024-08-06 02:36 PM
1253,2,10.35,2024-08-06 02:37 PM
1252,1,10.23,2024-08-06 02:38 PM
1251,20,10.36,2024-08-06 02:39 PM
1250,0,0.0,2024-08-06 02:40 PM
1249,1,10.22,2024-08-06 02:41 PM
1248,2,10.24,2024-08-06 02:42 PM
1247,0,0.0,2024-08-06 02:43 PM
1246,0,0.0,2024-08-06 02:44 PM
1245,0,0.0,2024-08-06 02:45 PM
1244,0,0.0,2024-08-06 02:46 PM
1243,0,0.0,2024-08-06 02:47 PM
1242,0,0.0,2024-08-06 02:48 PM
1241,0,0.0,2024-08-06 02:49 PM
1240,0,0.0,2024-08-06 02:50 PM
1239,0,0.0,2024-08-06 02:51 PM
1238,15,10.31,2024-08-06 02:52 PM
1237,0,0.0,2024-08-06 02:53 PM
1236,0,0.0,2024-08-06 02:54 PM
1235,0,0.0,2024-08-06 02:55 PM
1234,0,0.0,2024-08-06 02:56 PM
1233,2,9.88,2024-08-06 02:57 PM
1232,0,0.0,2024-08-06 02:58 PM
1231,0,0.0,2024-08-06 02:59 PM
1230,0,0.0,2024-08-06 03:00 PM
1229,0,0.0,2024-08-06 03:01 PM
1228,0,0.0,2024-08-06 03:02 PM
1227,5,8.32,2024-08-06 03:03 PM
1226,2,8.37,2024-08-06 03:04 PM
1225,3,8.36,2024-08-06 03:05 PM
1224,0,0.0,2024-08-06 03:06 PM
1223,1,7.82,2024-08-06 03:07 PM
1222,1,8.01,2024-08-06 03:08 PM
1221,0,0.0,2024-08-06 03:09 PM
1220,0,0.0,2024-08-06 03:10 PM
1219,0,0.0,2024-08-06 03:11 PM
1218,0,0.0,2024-08-06 03:12 PM
1217,0,0.0,2024-08-06 03:13 PM
1216,0,0.0,2024-08-06 03:14 PM
1215,0,0.0,2024-08-06 03:15 PM
1214,1,7.86,2024-08-06 03:16 PM
1213,0,0.0,2024-08-06 03:17 PM
1212,0,0.0,2024-08-06 03:18 PM
1211,20,8.03,2024-08-06 03:19 PM
1210,2,8.02,2024-08-06 03:20 PM
1209,1,8.45,2024-08-06 03:21 PM
1208,0,0.0,2024-08-06 03:22 PM
1207,0,0.0,2024-08-06 03:23 PM
1206,0,0.0,2024-08-06 03:24 PM
1205,0,0.0,2024-08-06 03:25 PM
1204,0,0.0,2024-08-06 03:26 PM
1203,0,0.0,2024-08-06 03:27 PM
1202,1,8.75,2024-08-06 03:28 PM
1201,0,0.0,2024-08-06 03:29 PM
1200,10,8.52,2024-08-06 03:30 PM
1199,0,0.0,2024-08-06 03:31 PM
1198,0,0.0,2024-08-06 03:32 PM
1197,0,0.0,2024-08-06 03:33 PM
1196,1,8.62,2024-08-06 03:34 PM
1195,0,0.0,2024-08-06 03:35 PM
1194,0,0.0,2024-08-06 03:36 PM
1193,0,0.0,2024-08-06 03:37 PM
1192,0,0.0,2024-08-06 03:38 PM
1191,0,0.0,2024-08-06 03:39 PM
1190,0,0.0,2024-08-06 03:40 PM
1189,0,0.0,2024-08-06 03:41 PM
1188,0,0.0,2024-08-06 03:42 PM
1187,0,0.0,2024-08-06 03:43 PM
1186,0,0.0,2024-08-06 03:44 PM
1185,1,7.87,2024-08-06 03:45 PM
1184,0,0.0,2024-08-06 03:46 PM
1183,245,7.3,2024-08-06 03:47 PM
1182,81,7.32,2024-08-06 03:48 PM
1181,2,7.27,2024-08-06 03:49 PM
1180,39,7.41,2024-08-06 03:50 PM
1179,1,7.68,2024-08-06 03:51 PM
1178,70,6.8,2024-08-06 03:52 PM
1177,9,6.96,2024-08-06 03:53 PM
1176,3,6.91,2024-08-06 03:54 PM
1175,0,0.0,2024-08-06 03:55 PM
1174,1,6.26,2024-08-06 03:56 PM
1173,41,6.16,2024-08-06 03:57 PM
1172,2,6.02,2024-08-06 03:58 PM
1171,147,6.15,2024-08-06 03:59 PM
1170,28,9.04,2024-08-07 09:30 AM
1169,4,9.2,2024-08-07 09:31 AM
1168,2,9.25,2024-08-07 09:32 AM
1167,2,9.02,2024-08-07 09:33 AM
1166,1,9.03,2024-08-07 09:34 AM
1165,7,9.45,2024-08-07 09:35 AM
1164,3,9.59,2024-08-07 09:36 AM
1163,0,0.0,2024-08-07 09:37 AM
1162,4,9.96,2024-08-07 09:38 AM
1161,0,0.0,2024-08-07 09:39 AM
1160,0,0.0,2024-08-07 09:40 AM
1159,1,9.82,2024-08-07 09:41 AM
1158,0,0.0,2024-08-07 09:42 AM
1157,0,0.0,2024-08-07 09:43 AM
1156,1,10.03,2024-08-07 09:44 AM
1155,1,10.11,2024-08-07 09:45 AM
1154,2,10.33,2024-08-07 09:46 AM
1153,4,10.02,2024-08-07 09:47 AM
1152,0,0.0,2024-08-07 09:48 AM
1151,0,0.0,2024-08-07 09:49 AM
1150,0,0.0,2024-08-07 09:50 AM
1149,0,0.0,2024-08-07 09:51 AM
1148,5,10.25,2024-08-07 09:52 AM
1147,0,0.0,2024-08-07 09:53 AM
1146,31,10.36,2024-08-07 09:54 AM
1145,2,10.1,2024-08-07 09:55 AM
1144,0,0.0,2024-08-07 09:56 AM
1143,0,0.0,2024-08-07 09:57 AM
1142,0,0.0,2024-08-07 09:58 AM
1141,0,0.0,2024-08-07 09:59 AM
1140,0,0.0,2024-08-07 10:00 AM
1139,1,11.21,2024-08-07 10:01 AM
1138,0,0.0,2024-08-07 10:02 AM
1137,0,0.0,2024-08-07 10:03 AM
1136,0,0.0,2024-08-07 10:04 AM
1135,3,10.14,2024-08-07 10:05 AM
1134,1,10.66,2024-08-07 10:06 AM
1133,1,10.54,2024-08-07 10:07 AM
1132,0,0.0,2024-08-07 10:08 AM
1131,0,0.0,2024-08-07 10:09 AM
1130,0,0.0,2024-08-07 10:10 AM
1129,0,0.0,2024-08-07 10:11 AM
1128,0,0.0,2024-08-07 10:12 AM
1127,0,0.0,2024-08-07 10:13 AM
1126,0,0.0,2024-08-07 10:14 AM
1125,2,10.39,2024-08-07 10:15 AM
1124,0,0.0,2024-08-07 10:16 AM
1123,0,0.0,2024-08-07 10:17 AM
1122,4,9.96,2024-08-07 10:18 AM
1121,0,0.0,2024-08-07 10:19 AM
1120,0,0.0,2024-08-07 10:20 AM
1119,0,0.0,2024-08-07 10:21 AM
1118,1,10.0,2024-08-07 10:22 AM
1117,0,0.0,2024-08-07 10:23 AM
1116,0,0.0,2024-08-07 10:24 AM
1115,0,0.0,2024-08-07 10:25 AM
1114,0,0.0,2024-08-07 10:26 AM
1113,0,0.0,2024-08-07 10:27 AM
1112,1,8.97,2024-08-07 10:28 AM
1111,0,0.0,2024-08-07 10:29 AM
1110,0,0.0,2024-08-07 10:30 AM
1109,0,0.0,2024-08-07 10:31 AM
1108,1,9.54,2024-08-07 10:32 AM
1107,0,0.0,2024-08-07 10:33 AM
1106,0,0.0,2024-08-07 10:34 AM
1105,0,0.0,2024-08-07 10:35 AM
1104,4,9.24,2024-08-07 10:36 AM
1103,0,0.0,2024-08-07 10:37 AM
1102,0,0.0,2024-08-07 10:38 AM
1101,0,0.0,2024-08-07 10:39 AM
1100,0,0.0,2024-08-07 10:40 AM
1099,0,0.0,2024-08-07 10:41 AM
1098,10,9.44,2024-08-07 10:42 AM
1097,0,0.0,2024-08-07 10:43 AM
1096,10,10.15,2024-08-07 10:44 AM
1095,0,0.0,2024-08-07 10:45 AM
1094,0,0.0,2024-08-07 10:46 AM
1093,0,0.0,2024-08-07 10:47 AM
1092,0,0.0,2024-08-07 10:48 AM
1091,0,0.0,2024-08-07 10:49 AM
1090,0,0.0,2024-08-07 10:50 AM
1089,0,0.0,2024-08-07 10:51 AM
1088,0,0.0,2024-08-07 10:52 AM
1087,0,0.0,2024-08-07 10:53 AM
1086,0,0.0,2024-08-07 10:54 AM
1085,0,0.0,2024-08-07 10:55 AM
1084,0,0.0,2024-08-07 10:56 AM
1083,1,10.3,2024-08-07 10:57 AM
1082,0,0.0,2024-08-07 10:58 AM
1081,0,0.0,2024-08-07 10:59 AM
1080,0,0.0,2024-08-07 11:00 AM
1079,0,0.0,2024-08-07 11:01 AM
1078,0,0.0,2024-08-07 11:02 AM
1077,0,0.0,2024-08-07 11:03 AM
1076,0,0.0,2024-08-07 11:04 AM
1075,0,0.0,2024-08-07 11:05 AM
1074,0,0.0,2024-08-07 11:06 AM
1073,0,0.0,2024-08-07 11:07 AM
1072,0,0.0,2024-08-07 11:08 AM
1071,0,0.0,2024-08-07 11:09 AM
1070,0,0.0,2024-08-07 11:10 AM
1069,0,0.0,2024-08-07 11:11 AM
1068,0,0.0,2024-08-07 11:12 AM
1067,0,0.0,2024-08-07 11:13 AM
1066,0,0.0,2024-08-07 11:14 AM
1065,1,10.06,2024-08-07 11:15 AM
1064,1,9.73,2024-08-07 11:16 AM
1063,1,9.66,2024-08-07 11:17 AM
1062,0,0.0,2024-08-07 11:18 AM
1061,0,0.0,2024-08-07 11:19 AM
1060,1,9.52,2024-08-07 11:20 AM
1059,0,0.0,2024-08-07 11:21 AM
1058,0,0.0,2024-08-07 11:22 AM
1057,0,0.0,2024-08-07 11:23 AM
1056,0,0.0,2024-08-07 11:24 AM
1055,1,9.49,2024-08-07 11:25 AM
1054,0,0.0,2024-08-07 11:26 AM
1053,0,0.0,2024-08-07 11:27 AM
1052,0,0.0,2024-08-07 11:28 AM
1051,0,0.0,2024-08-07 11:29 AM
1050,0,0.0,2024-08-07 11:30 AM
1049,0,0.0,2024-08-07 11:31 AM
1048,0,0.0,2024-08-07 11:32 AM
1047,0,0.0,2024-08-07 11:33 AM
1046,0,0.0,2024-08-07 11:34 AM
1045,0,0.0,2024-08-07 11:35 AM
1044,0,0.0,2024-08-07 11:36 AM
1043,0,0.0,2024-08-07 11:37 AM
1042,0,0.0,2024-08-07 11:38 AM
1041,0,0.0,2024-08-07 11:39 AM
1040,0,0.0,2024-08-07 11:40 AM
1039,0,0.0,2024-08-07 11:41 AM
1038,0,0.0,2024-08-07 11:42 AM
1037,0,0.0,2024-08-07 11:43 AM
1036,0,0.0,2024-08-07 11:44 AM
1035,9,8.47,2024-08-07 11:45 AM
1034,1,8.23,2024-08-07 11:46 AM
1033,0,0.0,2024-08-07 11:47 AM
1032,0,0.0,2024-08-07 11:48 AM
1031,0,0.0,2024-08-07 11:49 AM
1030,1,8.44,2024-08-07 11:50 AM
1029,0,0.0,2024-08-07 11:51 AM
1028,0,0.0,2024-08-07 11:52 AM
1027,0,0.0,2024-08-07 11:53 AM
1026,0,0.0,2024-08-07 11:54 AM
1025,0,0.0,2024-08-07 11:55 AM
1024,0,0.0,2024-08-07 11:56 AM
1023,0,0.0,2024-08-07 11:57 AM
1022,0,0.0,2024-08-07 11:58 AM
1021,0,0.0,2024-08-07 11:59 AM
1020,0,0.0,2024-08-07 12:00 PM
1019,1,8.31,2024-08-07 12:01 PM
1018,0,0.0,2024-08-07 12:02 PM
1017,4,8.0,2024-08-07 12:03 PM
1016,2,7.5,2024-08-07 12:04 PM
1015,0,0.0,2024-08-07 12:05 PM
1014,0,0.0,2024-08-07 12:06 PM
1013,0,0.0,2024-08-07 12:07 PM
1012,0,0.0,2024-08-07 12:08 PM
1011,0,0.0,2024-08-07 12:09 PM
1010,1,7.83,2024-08-07 12:10 PM
1009,0,0.0,2024-08-07 12:11 PM
1008,10,7.91,2024-08-07 12:12 PM
1007,0,0.0,2024-08-07 12:13 PM
1006,1,7.97,2024-08-07 12:14 PM
1005,0,0.0,2024-08-07 12:15 PM
1004,0,0.0,2024-08-07 12:16 PM
1003,0,0.0,2024-08-07 12:17 PM
1002,0,0.0,2024-08-07 12:18 PM
1001,0,0.0,2024-08-07 12:19 PM
1000,0,0.0,2024-08-07 12:20 PM
999,0,0.0,2024-08-07 12:21 PM
998,0,0.0,2024-08-07 12:22 PM
997,0,0.0,2024-08-07 12:23 PM
996,0,0.0,2024-08-07 12:24 PM
995,0,0.0,2024-08-07 12:25 PM
994,0,0.0,2024-08-07 12:26 PM
993,0,0.0,2024-08-07 12:27 PM
992,0,0.0,2024-08-07 12:28 PM
991,0,0.0,2024-08-07 12:29 PM
990,0,0.0,2024-08-07 12:30 PM
989,0,0.0,2024-08-07 12:31 PM
988,0,0.0,2024-08-07 12:32 PM
987,0,0.0,2024-08-07 12:33 PM
986,0,0.0,2024-08-07 12:34 PM
985,0,0.0,2024-08-07 12:35 PM
984,2,8.5,2024-08-07 12:36 PM
983,1,8.18,2024-08-07 12:37 PM
982,0,0.0,2024-08-07 12:38 PM
981,0,0.0,2024-08-07 12:39 PM
980,0,0.0,2024-08-07 12:40 PM
979,0,0.0,2024-08-07 12:41 PM
978,0,0.0,2024-08-07 12:42 PM
977,0,0.0,2024-08-07 12:43 PM
976,3,7.55,2024-08-07 12:44 PM
975,0,0.0,2024-08-07 12:45 PM
974,0,0.0,2024-08-07 12:46 PM
973,0,0.0,2024-08-07 12:47 PM
972,0,0.0,2024-08-07 12:48 PM
971,1,7.25,2024-08-07 12:49 PM
970,3,6.96,2024-08-07 12:50 PM
969,0,0.0,2024-08-07 12:51 PM
968,0,0.0,2024-08-07 12:52 PM
967,12,6.91,2024-08-07 12:53 PM
966,3,6.97,2024-08-07 12:54 PM
965,3,7.1,2024-08-07 12:55 PM
964,2,7.2,2024-08-07 12:56 PM
963,1,7.2,2024-08-07 12:57 PM
962,3,6.99,2024-08-07 12:58 PM
961,0,0.0,2024-08-07 12:59 PM
960,1,6.99,2024-08-07 01:00 PM
959,1,7.01,2024-08-07 01:01 PM
958,5,6.63,2024-08-07 01:02 PM
957,29,6.7,2024-08-07 01:03 PM
956,10,6.76,2024-08-07 01:04 PM
955,4,6.75,2024-08-07 01:05 PM
954,9,6.92,2024-08-07 01:06 PM
953,9,6.85,2024-08-07 01:07 PM
952,2,6.79,2024-08-07 01:08 PM
951,4,6.31,2024-08-07 01:09 PM
950,2,6.36,2024-08-07 01:10 PM
949,48,6.0,2024-08-07 01:11 PM
948,53,5.93,2024-08-07 01:12 PM
947,17,6.09,2024-08-07 01:13 PM
946,51,5.98,2024-08-07 01:14 PM
945,3,5.89,2024-08-07 01:15 PM
944,1,5.98,2024-08-07 01:16 PM
943,11,5.85,2024-08-07 01:17 PM
942,3,5.67,2024-08-07 01:18 PM
941,23,5.76,2024-08-07 01:19 PM
940,3,6.0,2024-08-07 01:20 PM
939,5,5.97,2024-08-07 01:21 PM
938,1,6.18,2024-08-07 01:22 PM
937,5,6.16,2024-08-07 01:23 PM
936,7,6.28,2024-08-07 01:24 PM
935,32,6.55,2024-08-07 01:25 PM
934,1,6.51,2024-08-07 01:26 PM
933,11,6.33,2024-08-07 01:27 PM
932,39,6.29,2024-08-07 01:28 PM
931,0,0.0,2024-08-07 01:29 PM
930,0,0.0,2024-08-07 01:30 PM
929,24,6.37,2024-08-07 01:31 PM
928,1,6.28,2024-08-07 01:32 PM
927,0,0.0,2024-08-07 01:33 PM
926,12,6.44,2024-08-07 01:34 PM
925,4,6.41,2024-08-07 01:35 PM
924,34,6.42,2024-08-07 01:36 PM
923,1,6.42,2024-08-07 01:37 PM
922,1,6.65,2024-08-07 01:38 PM
921,0,0.0,2024-08-07 01:39 PM
920,0,0.0,2024-08-07 01:40 PM
919,20,6.52,2024-08-07 01:41 PM
918,1,6.22,2024-08-07 01:42 PM
917,31,6.07,2024-08-07 01:43 PM
916,0,0.0,2024-08-07 01:44 PM
915,2,6.11,2024-08-07 01:45 PM
914,2,6.11,2024-08-07 01:46 PM
913,0,0.0,2024-08-07 01:47 PM
912,0,0.0,2024-08-07 01:48 PM
911,1,5.58,2024-08-07 01:49 PM
910,8,5.55,2024-08-07 01:50 PM
909,4,5.52,2024-08-07 01:51 PM
908,15,5.35,2024-08-07 01:52 PM
907,7,5.35,2024-08-07 01:53 PM
906,6,5.48,2024-08-07 01:54 PM
905,6,5.34,2024-08-07 01:55 PM
904,4,5.21,2024-08-07 01:56 PM
903,28,5.26,2024-08-07 01:57 PM
902,9,5.15,2024-08-07 01:58 PM
901,5,5.33,2024-08-07 01:59 PM
900,17,5.3,2024-08-07 02:00 PM
899,26,5.27,2024-08-07 02:01 PM
898,25,5.29,2024-08-07 02:02 PM
897,72,5.18,2024-08-07 02:03 PM
896,16,5.08,2024-08-07 02:04 PM
895,3,5.26,2024-08-07 02:05 PM
894,6,5.06,2024-08-07 02:06 PM
893,24,4.9,2024-08-07 02:07 PM
892,25,4.96,2024-08-07 02:08 PM
891,0,0.0,2024-08-07 02:09 PM
890,35,4.85,2024-08-07 02:10 PM
889,109,4.77,2024-08-07 02:11 PM
888,29,4.75,2024-08-07 02:12 PM
887,24,4.57,2024-08-07 02:13 PM
886,10,4.56,2024-08-07 02:14 PM
885,35,4.46,2024-08-07 02:15 PM
884,25,4.37,2024-08-07 02:16 PM
883,44,4.53,2024-08-07 02:17 PM
882,19,4.32,2024-08-07 02:18 PM
881,187,4.44,2024-08-07 02:19 PM
880,26,4.44,2024-08-07 02:20 PM
879,7,4.63,2024-08-07 02:21 PM
878,126,4.53,2024-08-07 02:22 PM
877,40,4.64,2024-08-07 02:23 PM
876,17,4.55,2024-08-07 02:24 PM
875,215,4.83,2024-08-07 02:25 PM
874,8,4.85,2024-08-07 02:26 PM
873,19,4.72,2024-08-07 02:27 PM
872,4,4.64,2024-08-07 02:28 PM
871,45,4.69,2024-08-07 02:29 PM
870,15,4.64,2024-08-07 02:30 PM
869,42,4.44,2024-08-07 02:31 PM
868,5,4.37,2024-08-07 02:32 PM
867,12,4.47,2024-08-07 02:33 PM
866,16,4.37,2024-08-07 02:34 PM
865,8,4.29,2024-08-07 02:35 PM
864,44,4.34,2024-08-07 02:36 PM
863,18,4.33,2024-08-07 02:37 PM
862,11,4.37,2024-08-07 02:38 PM
861,0,0.0,2024-08-07 02:39 PM
860,11,4.57,2024-08-07 02:40 PM
859,17,4.65,2024-08-07 02:41 PM
858,18,4.5,2024-08-07 02:42 PM
857,30,4.46,2024-08-07 02:43 PM
856,20,4.38,2024-08-07 02:44 PM
855,0,0.0,2024-08-07 02:45 PM
854,36,4.48,2024-08-07 02:46 PM
853,30,4.1,2024-08-07 02:47 PM
852,53,4.03,2024-08-07 02:48 PM
851,52,4.21,2024-08-07 02:49 PM
850,25,4.2,2024-08-07 02:50 PM
849,14,3.99,2024-08-07 02:51 PM
848,0,0.0,2024-08-07 02:52 PM
847,40,4.03,2024-08-07 02:53 PM
846,3,4.11,2024-08-07 02:54 PM
845,50,4.31,2024-08-07 02:55 PM
844,224,4.13,2024-08-07 02:56 PM
843,182,4.21,2024-08-07 02:57 PM
842,72,4.27,2024-08-07 02:58 PM
841,52,4.11,2024-08-07 02:59 PM
840,1,4.16,2024-08-07 03:00 PM
839,17,4.21,2024-08-07 03:01 PM
838,91,4.64,2024-08-07 03:02 PM
837,14,4.75,2024-08-07 03:03 PM
836,45,4.95,2024-08-07 03:04 PM
835,26,4.87,2024-08-07 03:05 PM
834,44,4.97,2024-08-07 03:06 PM
833,128,4.73,2024-08-07 03:07 PM
832,110,4.9,2024-08-07 03:08 PM
831,28,4.77,2024-08-07 03:09 PM
830,11,4.88,2024-08-07 03:10 PM
829,136,4.95,2024-08-07 03:11 PM
828,4,4.93,2024-08-07 03:12 PM
827,19,4.66,2024-08-07 03:13 PM
826,119,4.56,2024-08-07 03:14 PM
825,7,4.73,2024-08-07 03:15 PM
824,17,4.78,2024-08-07 03:16 PM
823,40,4.8,2024-08-07 03:17 PM
822,87,4.93,2024-08-07 03:18 PM
821,124,4.93,2024-08-07 03:19 PM
820,122,5.22,2024-08-07 03:20 PM
819,56,4.97,2024-08-07 03:21 PM
818,6,4.8,2024-08-07 03:22 PM
817,10,4.7,2024-08-07 03:23 PM
816,4,4.73,2024-08-07 03:24 PM
815,13,4.75,2024-08-07 03:25 PM
814,7,4.61,2024-08-07 03:26 PM
813,16,4.6,2024-08-07 03:27 PM
812,21,4.7,2024-08-07 03:28 PM
811,18,4.79,2024-08-07 03:29 PM
810,19,4.57,2024-08-07 03:30 PM
809,7,4.54,2024-08-07 03:31 PM
808,92,4.88,2024-08-07 03:32 PM
807,26,4.93,2024-08-07 03:33 PM
806,18,4.62,2024-08-07 03:34 PM
805,5,4.66,2024-08-07 03:35 PM
804,2,4.88,2024-08-07 03:36 PM
803,67,4.98,2024-08-07 03:37 PM
802,33,4.8,2024-08-07 03:38 PM
801,5,4.76,2024-08-07 03:39 PM
800,17,4.64,2024-08-07 03:40 PM
799,44,4.68,2024-08-07 03:41 PM
798,10,4.62,2024-08-07 03:42 PM
797,118,4.47,2024-08-07 03:43 PM
796,13,4.51,2024-08-07 03:44 PM
795,1,4.55,2024-08-07 03:45 PM
794,74,4.77,2024-08-07 03:46 PM
793,19,4.59,2024-08-07 03:47 PM
792,73,4.67,2024-08-07 03:48 PM
791,5,4.7,2024-08-07 03:49 PM
790,23,4.42,2024-08-07 03:50 PM
789,23,4.26,2024-08-07 03:51 PM
788,5,4.15,2024-08-07 03:52 PM
787,15,4.21,2024-08-07 03:53 PM
786,29,3.81,2024-08-07 03:54 PM
785,7,3.7,2024-08-07 03:55 PM
784,60,3.6,2024-08-07 03:56 PM
783,62,3.66,2024-08-07 03:57 PM
782,32,3.62,2024-08-07 03:58 PM
781,23,3.74,2024-08-07 03:59 PM
780,232,5.54,2024-08-08 09:30 AM
779,77,5.3,2024-08-08 09:31 AM
778,30,5.11,2024-08-08 09:32 AM
777,15,5.1,2024-08-08 09:33 AM
776,22,5.4,2024-08-08 09:34 AM
775,15,5.46,2024-08-08 09:35 AM
774,15,5.6,2024-08-08 09:36 AM
773,18,5.3,2024-08-08 09:37 AM
772,54,5.24,2024-08-08 09:38 AM
771,7,5.23,2024-08-08 09:39 AM
770,59,5.07,2024-08-08 09:40 AM
769,32,5.4,2024-08-08 09:41 AM
768,34,5.52,2024-08-08 09:42 AM
767,10,5.41,2024-08-08 09:43 AM
766,9,5.12,2024-08-08 09:44 AM
765,92,5.18,2024-08-08 09:45 AM
764,7,5.35,2024-08-08 09:46 AM
763,32,4.85,2024-08-08 09:47 AM
762,63,4.55,2024-08-08 09:48 AM
761,105,4.65,2024-08-08 09:49 AM
760,180,4.66,2024-08-08 09:50 AM
759,96,4.88,2024-08-08 09:51 AM
758,58,5.26,2024-08-08 09:52 AM
757,100,5.43,2024-08-08 09:53 AM
756,13,5.8,2024-08-08 09:54 AM
755,103,5.95,2024-08-08 09:55 AM
754,23,5.73,2024-08-08 09:56 AM
753,8,5.8,2024-08-08 09:57 AM
752,2,5.76,2024-08-08 09:58 AM
751,51,6.21,2024-08-08 09:59 AM
750,10,6.38,2024-08-08 10:00 AM
749,28,6.45,2024-08-08 10:01 AM
748,8,6.78,2024-08-08 10:02 AM
747,12,6.95,2024-08-08 10:03 AM
746,15,7.0,2024-08-08 10:04 AM
745,13,6.64,2024-08-08 10:05 AM
744,7,6.48,2024-08-08 10:06 AM
743,1,6.35,2024-08-08 10:07 AM
742,0,0.0,2024-08-08 10:08 AM
741,1,6.48,2024-08-08 10:09 AM
740,1,6.65,2024-08-08 10:10 AM
739,4,6.49,2024-08-08 10:11 AM
738,2,6.81,2024-08-08 10:12 AM
737,18,6.95,2024-08-08 10:13 AM
736,21,6.79,2024-08-08 10:14 AM
735,3,6.84,2024-08-08 10:15 AM
734,24,7.3,2024-08-08 10:16 AM
733,2,7.4,2024-08-08 10:17 AM
732,9,7.03,2024-08-08 10:18 AM
731,21,6.97,2024-08-08 10:19 AM
730,3,6.81,2024-08-08 10:20 AM
729,8,6.69,2024-08-08 10:21 AM
728,3,7.01,2024-08-08 10:22 AM
727,2,6.82,2024-08-08 10:23 AM
726,2,7.07,2024-08-08 10:24 AM
725,40,7.54,2024-08-08 10:25 AM
724,2,7.54,2024-08-08 10:26 AM
723,5,7.8,2024-08-08 10:27 AM
722,10,7.65,2024-08-08 10:28 AM
721,7,8.0,2024-08-08 10:29 AM
720,10,7.88,2024-08-08 10:30 AM
719,5,7.81,2024-08-08 10:31 AM
718,0,0.0,2024-08-08 10:32 AM
717,2,7.6,2024-08-08 10:33 AM
716,2,7.75,2024-08-08 10:34 AM
715,7,7.66,2024-08-08 10:35 AM
714,1,7.9,2024-08-08 10:36 AM
713,1,8.0,2024-08-08 10:37 AM
712,1,8.1,2024-08-08 10:38 AM
711,8,7.9,2024-08-08 10:39 AM
710,0,0.0,2024-08-08 10:40 AM
709,9,7.98,2024-08-08 10:41 AM
708,2,7.71,2024-08-08 10:42 AM
707,61,7.55,2024-08-08 10:43 AM
706,2,7.56,2024-08-08 10:44 AM
705,2,7.63,2024-08-08 10:45 AM
704,0,0.0,2024-08-08 10:46 AM
703,1,7.99,2024-08-08 10:47 AM
702,5,8.13,2024-08-08 10:48 AM
701,7,8.25,2024-08-08 10:49 AM
700,3,8.26,2024-08-08 10:50 AM
699,2,8.14,2024-08-08 10:51 AM
698,0,0.0,2024-08-08 10:52 AM
697,0,0.0,2024-08-08 10:53 AM
696,0,0.0,2024-08-08 10:54 AM
695,6,8.01,2024-08-08 10:55 AM
694,1,7.95,2024-08-08 10:56 AM
693,1,8.14,2024-08-08 10:57 AM
692,0,0.0,2024-08-08 10:58 AM
691,1,8.15,2024-08-08 10:59 AM
690,1,8.03,2024-08-08 11:00 AM
689,1,8.04,2024-08-08 11:01 AM
688,0,0.0,2024-08-08 11:02 AM
687,10,8.0,2024-08-08 11:03 AM
686,1,8.1,2024-08-08 11:04 AM
685,1,7.99,2024-08-08 11:05 AM
684,1,8.1,2024-08-08 11:06 AM
683,0,0.0,2024-08-08 11:07 AM
682,0,0.0,2024-08-08 11:08 AM
681,1,8.03,2024-08-08 11:09 AM
680,7,7.78,2024-08-08 11:10 AM
679,2,7.35,2024-08-08 11:11 AM
678,3,7.12,2024-08-08 11:12 AM
677,2,7.17,2024-08-08 11:13 AM
676,200,7.22,2024-08-08 11:14 AM
675,0,0.0,2024-08-08 11:15 AM
674,0,0.0,2024-08-08 11:16 AM
673,5,7.15,2024-08-08 11:17 AM
672,0,0.0,2024-08-08 11:18 AM
671,1,7.28,2024-08-08 11:19 AM
670,12,7.5,2024-08-08 11:20 AM
669,21,7.57,2024-08-08 11:21 AM
668,1,7.65,2024-08-08 11:22 AM
667,0,0.0,2024-08-08 11:23 AM
666,0,0.0,2024-08-08 11:24 AM
665,2,8.13,2024-08-08 11:25 AM
664,1,8.1,2024-08-08 11:26 AM
663,0,0.0,2024-08-08 11:27 AM
662,0,0.0,2024-08-08 11:28 AM
661,1,8.17,2024-08-08 11:29 AM
660,0,0.0,2024-08-08 11:30 AM
659,0,0.0,2024-08-08 11:31 AM
658,2,8.21,2024-08-08 11:32 AM
657,0,0.0,2024-08-08 11:33 AM
656,2,8.05,2024-08-08 11:34 AM
655,4,7.96,2024-08-08 11:35 AM
654,0,0.0,2024-08-08 11:36 AM
653,1,7.67,2024-08-08 11:37 AM
652,0,0.0,2024-08-08 11:38 AM
651,0,0.0,2024-08-08 11:39 AM
650,0,0.0,2024-08-08 11:40 AM
649,5,7.54,2024-08-08 11:41 AM
648,0,0.0,2024-08-08 11:42 AM
647,0,0.0,2024-08-08 11:43 AM
646,0,0.0,2024-08-08 11:44 AM
645,0,0.0,2024-08-08 11:45 AM
644,0,0.0,2024-08-08 11:46 AM
643,1,7.54,2024-08-08 11:47 AM
642,0,0.0,2024-08-08 11:48 AM
641,1,7.36,2024-08-08 11:49 AM
640,0,0.0,2024-08-08 11:50 AM
639,0,0.0,2024-08-08 11:51 AM
638,0,0.0,2024-08-08 11:52 AM
637,0,0.0,2024-08-08 11:53 AM
636,0,0.0,2024-08-08 11:54 AM
635,0,0.0,2024-08-08 11:55 AM
634,0,0.0,2024-08-08 11:56 AM
633,0,0.0,2024-08-08 11:57 AM
632,0,0.0,2024-08-08 11:58 AM
631,0,0.0,2024-08-08 11:59 AM
630,0,0.0,2024-08-08 12:00 PM
629,1,7.81,2024-08-08 12:01 PM
628,0,0.0,2024-08-08 12:02 PM
627,0,0.0,2024-08-08 12:03 PM
626,0,0.0,2024-08-08 12:04 PM
625,1,8.51,2024-08-08 12:05 PM
624,1,8.62,2024-08-08 12:06 PM
623,0,0.0,2024-08-08 12:07 PM
622,0,0.0,2024-08-08 12:08 PM
621,0,0.0,2024-08-08 12:09 PM
620,0,0.0,2024-08-08 12:10 PM
619,2,8.57,2024-08-08 12:11 PM
618,1,8.39,2024-08-08 12:12 PM
617,1,8.26,2024-08-08 12:13 PM
616,0,0.0,2024-08-08 12:14 PM
615,1,8.32,2024-08-08 12:15 PM
614,0,0.0,2024-08-08 12:16 PM
613,4,8.18,2024-08-08 12:17 PM
612,0,0.0,2024-08-08 12:18 PM
611,0,0.0,2024-08-08 12:19 PM
610,0,0.0,2024-08-08 12:20 PM
609,1,8.5,2024-08-08 12:21 PM
608,0,0.0,2024-08-08 12:22 PM
607,3,8.45,2024-08-08 12:23 PM
606,0,0.0,2024-08-08 12:24 PM
605,0,0.0,2024-08-08 12:25 PM
604,0,0.0,2024-08-08 12:26 PM
603,0,0.0,2024-08-08 12:27 PM
602,1,8.35,2024-08-08 12:28 PM
601,0,0.0,2024-08-08 12:29 PM
600,0,0.0,2024-08-08 12:30 PM
599,1,7.65,2024-08-08 12:31 PM
598,0,0.0,2024-08-08 12:32 PM
597,0,0.0,2024-08-08 12:33 PM
596,0,0.0,2024-08-08 12:34 PM
595,0,0.0,2024-08-08 12:35 PM
594,0,0.0,2024-08-08 12:36 PM
593,2,7.28,2024-08-08 12:37 PM
592,1,7.27,2024-08-08 12:38 PM
591,0,0.0,2024-08-08 12:39 PM
590,0,0.0,2024-08-08 12:40 PM
589,0,0.0,2024-08-08 12:41 PM
588,100,7.22,2024-08-08 12:42 PM
587,34,7.33,2024-08-08 12:43 PM
586,0,0.0,2024-08-08 12:44 PM
585,0,0.0,2024-08-08 12:45 PM
584,16,7.63,2024-08-08 12:46 PM
583,1,7.81,2024-08-08 12:47 PM
582,0,0.0,2024-08-08 12:48 PM
581,0,0.0,2024-08-08 12:49 PM
580,0,0.0,2024-08-08 12:50 PM
579,0,0.0,2024-08-08 12:51 PM
578,1,7.82,2024-08-08 12:52 PM
577,10,7.91,2024-08-08 12:53 PM
576,0,0.0,2024-08-08 12:54 PM
575,0,0.0,2024-08-08 12:55 PM
574,0,0.0,2024-08-08 12:56 PM
573,0,0.0,2024-08-08 12:57 PM
572,0,0.0,2024-08-08 12:58 PM
571,0,0.0,2024-08-08 12:59 PM
570,0,0.0,2024-08-08 01:00 PM
569,0,0.0,2024-08-08 01:01 PM
568,1,7.61,2024-08-08 01:02 PM
567,3,7.46,2024-08-08 01:03 PM
566,2,7.49,2024-08-08 01:04 PM
565,1,7.42,2024-08-08 01:05 PM
564,1,7.25,2024-08-08 01:06 PM
563,0,0.0,2024-08-08 01:07 PM
562,0,0.0,2024-08-08 01:08 PM
561,0,0.0,2024-08-08 01:09 PM
560,1,7.83,2024-08-08 01:10 PM
559,0,0.0,2024-08-08 01:11 PM
558,0,0.0,2024-08-08 01:12 PM
557,1,8.0,2024-08-08 01:13 PM
556,0,0.0,2024-08-08 01:14 PM
555,0,0.0,2024-08-08 01:15 PM
554,0,0.0,2024-08-08 01:16 PM
553,0,0.0,2024-08-08 01:17 PM
552,0,0.0,2024-08-08 01:18 PM
551,5,8.52,2024-08-08 01:19 PM
550,1,8.86,2024-08-08 01:20 PM
549,1,8.95,2024-08-08 01:21 PM
548,0,0.0,2024-08-08 01:22 PM
547,50,8.74,2024-08-08 01:23 PM
546,0,0.0,2024-08-08 01:24 PM
545,1,8.7,2024-08-08 01:25 PM
544,0,0.0,2024-08-08 01:26 PM
543,0,0.0,2024-08-08 01:27 PM
542,0,0.0,2024-08-08 01:28 PM
541,1,9.25,2024-08-08 01:29 PM
540,2,9.5,2024-08-08 01:30 PM
539,2,9.56,2024-08-08 01:31 PM
538,1,9.52,2024-08-08 01:32 PM
537,0,0.0,2024-08-08 01:33 PM
536,2,9.74,2024-08-08 01:34 PM
535,4,9.41,2024-08-08 01:35 PM
534,0,0.0,2024-08-08 01:36 PM
533,2,9.55,2024-08-08 01:37 PM
532,2,9.26,2024-08-08 01:38 PM
531,0,0.0,2024-08-08 01:39 PM
530,2,9.44,2024-08-08 01:40 PM
529,1,9.39,2024-08-08 01:41 PM
528,0,0.0,2024-08-08 01:42 PM
527,0,0.0,2024-08-08 01:43 PM
526,0,0.0,2024-08-08 01:44 PM
525,0,0.0,2024-08-08 01:45 PM
524,6,9.59,2024-08-08 01:46 PM
523,0,0.0,2024-08-08 01:47 PM
522,0,0.0,2024-08-08 01:48 PM
521,0,0.0,2024-08-08 01:49 PM
520,0,0.0,2024-08-08 01:50 PM
519,0,0.0,2024-08-08 01:51 PM
518,0,0.0,2024-08-08 01:52 PM
517,0,0.0,2024-08-08 01:53 PM
516,0,0.0,2024-08-08 01:54 PM
515,0,0.0,2024-08-08 01:55 PM
514,0,0.0,2024-08-08 01:56 PM
513,0,0.0,2024-08-08 01:57 PM
512,3,9.45,2024-08-08 01:58 PM
511,0,0.0,2024-08-08 01:59 PM
510,0,0.0,2024-08-08 02:00 PM
509,1,9.47,2024-08-08 02:01 PM
508,0,0.0,2024-08-08 02:02 PM
507,5,9.71,2024-08-08 02:03 PM
506,2,9.85,2024-08-08 02:04 PM
505,1,10.0,2024-08-08 02:05 PM
504,0,0.0,2024-08-08 02:06 PM
503,0,0.0,2024-08-08 02:07 PM
502,0,0.0,2024-08-08 02:08 PM
501,0,0.0,2024-08-08 02:09 PM
500,0,0.0,2024-08-08 02:10 PM
499,0,0.0,2024-08-08 02:11 PM
498,0,0.0,2024-08-08 02:12 PM
497,0,0.0,2024-08-08 02:13 PM
496,0,0.0,2024-08-08 02:14 PM
495,7,10.02,2024-08-08 02:15 PM
494,6,10.14,2024-08-08 02:16 PM
493,1,10.08,2024-08-08 02:17 PM
492,0,0.0,2024-08-08 02:18 PM
491,0,0.0,2024-08-08 02:19 PM
490,0,0.0,2024-08-08 02:20 PM
489,10,10.12,2024-08-08 02:21 PM
488,0,0.0,2024-08-08 02:22 PM
487,0,0.0,2024-08-08 02:23 PM
486,1,10.29,2024-08-08 02:24 PM
485,0,0.0,2024-08-08 02:25 PM
484,1,9.93,2024-08-08 02:26 PM
483,1,9.31,2024-08-08 02:27 PM
482,0,0.0,2024-08-08 02:28 PM
481,0,0.0,2024-08-08 02:29 PM
480,0,0.0,2024-08-08 02:30 PM
479,0,0.0,2024-08-08 02:31 PM
478,0,0.0,2024-08-08 02:32 PM
477,0,0.0,2024-08-08 02:33 PM
476,0,0.0,2024-08-08 02:34 PM
475,2,9.67,2024-08-08 02:35 PM
474,0,0.0,2024-08-08 02:36 PM
473,0,0.0,2024-08-08 02:37 PM
472,0,0.0,2024-08-08 02:38 PM
471,1,9.43,2024-08-08 02:39 PM
470,8,9.05,2024-08-08 02:40 PM
469,0,0.0,2024-08-08 02:41 PM
468,0,0.0,2024-08-08 02:42 PM
467,0,0.0,2024-08-08 02:43 PM
466,0,0.0,2024-08-08 02:44 PM
465,0,0.0,2024-08-08 02:45 PM
464,1,9.35,2024-08-08 02:46 PM
463,0,0.0,2024-08-08 02:47 PM
462,0,0.0,2024-08-08 02:48 PM
461,0,0.0,2024-08-08 02:49 PM
460,0,0.0,2024-08-08 02:50 PM
459,0,0.0,2024-08-08 02:51 PM
458,0,0.0,2024-08-08 02:52 PM
457,0,0.0,2024-08-08 02:53 PM
456,0,0.0,2024-08-08 02:54 PM
455,0,0.0,2024-08-08 02:55 PM
454,0,0.0,2024-08-08 02:56 PM
453,0,0.0,2024-08-08 02:57 PM
452,0,0.0,2024-08-08 02:58 PM
451,1,9.33,2024-08-08 02:59 PM
450,4,9.1,2024-08-08 03:00 PM
449,0,0.0,2024-08-08 03:01 PM
448,2,8.85,2024-08-08 03:02 PM
447,2,8.78,2024-08-08 03:03 PM
446,0,0.0,2024-08-08 03:04 PM
445,3,8.54,2024-08-08 03:05 PM
444,0,0.0,2024-08-08 03:06 PM
443,1,8.9,2024-08-08 03:07 PM
442,8,9.05,2024-08-08 03:08 PM
441,0,0.0,2024-08-08 03:09 PM
440,4,9.53,2024-08-08 03:10 PM
439,0,0.0,2024-08-08 03:11 PM
438,0,0.0,2024-08-08 03:12 PM
437,0,0.0,2024-08-08 03:13 PM
436,0,0.0,2024-08-08 03:14 PM
435,1,9.2,2024-08-08 03:15 PM
434,1,9.14,2024-08-08 03:16 PM
433,0,0.0,2024-08-08 03:17 PM
432,0,0.0,2024-08-08 03:18 PM
431,0,0.0,2024-08-08 03:19 PM
430,1,9.13,2024-08-08 03:20 PM
429,1,9.08,2024-08-08 03:21 PM
428,0,0.0,2024-08-08 03:22 PM
427,0,0.0,2024-08-08 03:23 PM
426,0,0.0,2024-08-08 03:24 PM
425,0,0.0,2024-08-08 03:25 PM
424,0,0.0,2024-08-08 03:26 PM
423,0,0.0,2024-08-08 03:27 PM
422,5,8.73,2024-08-08 03:28 PM
421,2,8.5,2024-08-08 03:29 PM
420,0,0.0,2024-08-08 03:30 PM
419,3,8.41,2024-08-08 03:31 PM
418,1,8.22,2024-08-08 03:32 PM
417,0,0.0,2024-08-08 03:33 PM
416,1,8.04,2024-08-08 03:34 PM
415,0,0.0,2024-08-08 03:35 PM
414,50,7.71,2024-08-08 03:36 PM
413,0,0.0,2024-08-08 03:37 PM
412,2,8.22,2024-08-08 03:38 PM
411,4,8.25,2024-08-08 03:39 PM
410,0,0.0,2024-08-08 03:40 PM
409,1,8.63,2024-08-08 03:41 PM
408,0,0.0,2024-08-08 03:42 PM
407,0,0.0,2024-08-08 03:43 PM
406,2,9.37,2024-08-08 03:44 PM
405,1,9.3,2024-08-08 03:45 PM
404,0,0.0,2024-08-08 03:46 PM
403,100,8.76,2024-08-08 03:47 PM
402,0,0.0,2024-08-08 03:48 PM
401,2,9.02,2024-08-08 03:49 PM
400,0,0.0,2024-08-08 03:50 PM
399,0,0.0,2024-08-08 03:51 PM
398,0,0.0,2024-08-08 03:52 PM
397,3,9.17,2024-08-08 03:53 PM
396,0,0.0,2024-08-08 03:54 PM
395,1,8.62,2024-08-08 03:55 PM
394,2,8.44,2024-08-08 03:56 PM
393,6,8.65,2024-08-08 03:57 PM
392,1,8.49,2024-08-08 03:58 PM
391,0,0.0,2024-08-08 03:59 PM
390,41,8.39,2024-08-09 09:30 AM
389,2,8.48,2024-08-09 09:31 AM
388,3,8.67,2024-08-09 09:32 AM
387,1,8.47,2024-08-09 09:33 AM
386,100,8.36,2024-08-09 09:34 AM
385,7,8.26,2024-08-09 09:35 AM
384,1,8.64,2024-08-09 09:36 AM
383,0,0.0,2024-08-09 09:37 AM
382,0,0.0,2024-08-09 09:38 AM
381,102,9.3,2024-08-09 09:39 AM
380,4,8.88,2024-08-09 09:40 AM
379,3,8.35,2024-08-09 09:41 AM
378,3,8.43,2024-08-09 09:42 AM
377,1,8.16,2024-08-09 09:43 AM
376,2,7.85,2024-08-09 09:44 AM
375,1,8.12,2024-08-09 09:45 AM
374,0,0.0,2024-08-09 09:46 AM
373,1,7.8,2024-08-09 09:47 AM
372,0,0.0,2024-08-09 09:48 AM
371,2,7.5,2024-08-09 09:49 AM
370,1,7.74,2024-08-09 09:50 AM
369,0,0.0,2024-08-09 09:51 AM
368,0,0.0,2024-08-09 09:52 AM
367,1,7.75,2024-08-09 09:53 AM
366,0,0.0,2024-08-09 09:54 AM
365,0,0.0,2024-08-09 09:55 AM
364,0,0.0,2024-08-09 09:56 AM
363,0,0.0,2024-08-09 09:57 AM
362,0,0.0,2024-08-09 09:58 AM
361,0,0.0,2024-08-09 09:59 AM
360,0,0.0,2024-08-09 10:00 AM
359,1,8.07,2024-08-09 10:01 AM
358,0,0.0,2024-08-09 10:02 AM
357,0,0.0,2024-08-09 10:03 AM
356,0,0.0,2024-08-09 10:04 AM
355,1,8.52,2024-08-09 10:05 AM
354,3,8.72,2024-08-09 10:06 AM
353,10,8.81,2024-08-09 10:07 AM
352,0,0.0,2024-08-09 10:08 AM
351,0,0.0,2024-08-09 10:09 AM
350,0,0.0,2024-08-09 10:10 AM
349,0,0.0,2024-08-09 10:11 AM
348,0,0.0,2024-08-09 10:12 AM
347,5,9.93,2024-08-09 10:13 AM
346,0,0.0,2024-08-09 10:14 AM
345,0,0.0,2024-08-09 10:15 AM
344,0,0.0,2024-08-09 10:16 AM
343,10,8.85,2024-08-09 10:17 AM
342,0,0.0,2024-08-09 10:18 AM
341,0,0.0,2024-08-09 10:19 AM
340,0,0.0,2024-08-09 10:20 AM
339,0,0.0,2024-08-09 10:21 AM
338,1,9.07,2024-08-09 10:22 AM
337,0,0.0,2024-08-09 10:23 AM
336,0,0.0,2024-08-09 10:24 AM
335,0,0.0,2024-08-09 10:25 AM
334,0,0.0,2024-08-09 10:26 AM
333,5,8.92,2024-08-09 10:27 AM
332,0,0.0,2024-08-09 10:28 AM
331,0,0.0,2024-08-09 10:29 AM
330,0,0.0,2024-08-09 10:30 AM
329,2,8.08,2024-08-09 10:31 AM
328,0,0.0,2024-08-09 10:32 AM
327,0,0.0,2024-08-09 10:33 AM
326,0,0.0,2024-08-09 10:34 AM
325,0,0.0,2024-08-09 10:35 AM
324,1,8.25,2024-08-09 10:36 AM
323,0,0.0,2024-08-09 10:37 AM
322,4,8.1,2024-08-09 10:38 AM
321,0,0.0,2024-08-09 10:39 AM
320,0,0.0,2024-08-09 10:40 AM
319,0,0.0,2024-08-09 10:41 AM
318,1,8.8,2024-08-09 10:42 AM
317,0,0.0,2024-08-09 10:43 AM
316,0,0.0,2024-08-09 10:44 AM
315,3,8.78,2024-08-09 10:45 AM
314,0,0.0,2024-08-09 10:46 AM
313,2,9.19,2024-08-09 10:47 AM
312,0,0.0,2024-08-09 10:48 AM
311,0,0.0,2024-08-09 10:49 AM
310,1,9.1,2024-08-09 10:50 AM
309,0,0.0,2024-08-09 10:51 AM
308,1,9.29,2024-08-09 10:52 AM
307,0,0.0,2024-08-09 10:53 AM
306,1,9.54,2024-08-09 10:54 AM
305,101,10.01,2024-08-09 10:55 AM
304,5,10.26,2024-08-09 10:56 AM
303,2,10.12,2024-08-09 10:57 AM
302,0,0.0,2024-08-09 10:58 AM
301,0,0.0,2024-08-09 10:59 AM
300,1,10.1,2024-08-09 11:00 AM
299,0,0.0,2024-08-09 11:01 AM
298,1,9.7,2024-08-09 11:02 AM
297,0,0.0,2024-08-09 11:03 AM
296,3,10.31,2024-08-09 11:04 AM
295,1,10.5,2024-08-09 11:05 AM
294,1,10.21,2024-08-09 11:06 AM
293,2,10.29,2024-08-09 11:07 AM
292,0,0.0,2024-08-09 11:08 AM
291,5,10.48,2024-08-09 11:09 AM
290,1,10.17,2024-08-09 11:10 AM
289,1,10.17,2024-08-09 11:11 AM
288,4,10.06,2024-08-09 11:12 AM
287,0,0.0,2024-08-09 11:13 AM
286,0,0.0,2024-08-09 11:14 AM
285,1,10.04,2024-08-09 11:15 AM
284,5,9.94,2024-08-09 11:16 AM
283,0,0.0,2024-08-09 11:17 AM
282,10,10.07,2024-08-09 11:18 AM
281,0,0.0,2024-08-09 11:19 AM
280,4,9.7,2024-08-09 11:20 AM
279,7,9.63,2024-08-09 11:21 AM
278,0,0.0,2024-08-09 11:22 AM
277,0,0.0,2024-08-09 11:23 AM
276,0,0.0,2024-08-09 11:24 AM
275,0,0.0,2024-08-09 11:25 AM
274,0,0.0,2024-08-09 11:26 AM
273,0,0.0,2024-08-09 11:27 AM
272,0,0.0,2024-08-09 11:28 AM
271,1,9.15,2024-08-09 11:29 AM
270,1,9.13,2024-08-09 11:30 AM
269,0,0.0,2024-08-09 11:31 AM
268,0,0.0,2024-08-09 11:32 AM
267,0,0.0,2024-08-09 11:33 AM
266,0,0.0,2024-08-09 11:34 AM
265,0,0.0,2024-08-09 11:35 AM
264,5,9.19,2024-08-09 11:36 AM
263,0,0.0,2024-08-09 11:37 AM
262,0,0.0,2024-08-09 11:38 AM
261,0,0.0,2024-08-09 11:39 AM
260,1,9.01,2024-08-09 11:40 AM
259,0,0.0,2024-08-09 11:41 AM
258,0,0.0,2024-08-09 11:42 AM
257,0,0.0,2024-08-09 11:43 AM
256,0,0.0,2024-08-09 11:44 AM
255,0,0.0,2024-08-09 11:45 AM
254,0,0.0,2024-08-09 11:46 AM
253,0,0.0,2024-08-09 11:47 AM
252,1,9.61,2024-08-09 11:48 AM
251,0,0.0,2024-08-09 11:49 AM
250,7,9.42,2024-08-09 11:50 AM
249,0,0.0,2024-08-09 11:51 AM
248,2,9.66,2024-08-09 11:52 AM
247,100,9.9,2024-08-09 11:53 AM
246,0,0.0,2024-08-09 11:54 AM
245,0,0.0,2024-08-09 11:55 AM
244,0,0.0,2024-08-09 11:56 AM
243,0,0.0,2024-08-09 11:57 AM
242,0,0.0,2024-08-09 11:58 AM
241,0,0.0,2024-08-09 11:59 AM
240,1,8.6,2024-08-09 12:00 PM
239,0,0.0,2024-08-09 12:01 PM
238,0,0.0,2024-08-09 12:02 PM
237,0,0.0,2024-08-09 12:03 PM
236,0,0.0,2024-08-09 12:04 PM
235,0,0.0,2024-08-09 12:05 PM
234,1,8.55,2024-08-09 12:06 PM
233,0,0.0,2024-08-09 12:07 PM
232,0,0.0,2024-08-09 12:08 PM
231,0,0.0,2024-08-09 12:09 PM
230,0,0.0,2024-08-09 12:10 PM
229,0,0.0,2024-08-09 12:11 PM
228,0,0.0,2024-08-09 12:12 PM
227,0,0.0,2024-08-09 12:13 PM
226,0,0.0,2024-08-09 12:14 PM
225,0,0.0,2024-08-09 12:15 PM
224,0,0.0,2024-08-09 12:16 PM
223,0,0.0,2024-08-09 12:17 PM
222,0,0.0,2024-08-09 12:18 PM
221,0,0.0,2024-08-09 12:19 PM
220,0,0.0,2024-08-09 12:20 PM
219,1,8.45,2024-08-09 12:21 PM
218,6,8.15,2024-08-09 12:22 PM
217,0,0.0,2024-08-09 12:23 PM
216,0,0.0,2024-08-09 12:24 PM
215,0,0.0,2024-08-09 12:25 PM
214,0,0.0,2024-08-09 12:26 PM
213,0,0.0,2024-08-09 12:27 PM
212,0,0.0,2024-08-09 12:28 PM
211,0,0.0,2024-08-09 12:29 PM
210,0,0.0,2024-08-09 12:30 PM
209,0,0.0,2024-08-09 12:31 PM
208,0,0.0,2024-08-09 12:32 PM
207,0,0.0,2024-08-09 12:33 PM
206,0,0.0,2024-08-09 12:34 PM
205,0,0.0,2024-08-09 12:35 PM
204,0,0.0,2024-08-09 12:36 PM
203,6,8.8,2024-08-09 12:37 PM
202,0,0.0,2024-08-09 12:38 PM
201,0,0.0,2024-08-09 12:39 PM
200,0,0.0,2024-08-09 12:40 PM
199,0,0.0,2024-08-09 12:41 PM
198,0,0.0,2024-08-09 12:42 PM
197,0,0.0,2024-08-09 12:43 PM
196,0,0.0,2024-08-09 12:44 PM
195,0,0.0,2024-08-09 12:45 PM
194,6,8.95,2024-08-09 12:46 PM
193,1,8.62,2024-08-09 12:47 PM
192,0,0.0,2024-08-09 12:48 PM
191,0,0.0,2024-08-09 12:49 PM
190,0,0.0,2024-08-09 12:50 PM
189,2,9.37,2024-08-09 12:51 PM
188,0,0.0,2024-08-09 12:52 PM
187,0,0.0,2024-08-09 12:53 PM
186,0,0.0,2024-08-09 12:54 PM
185,0,0.0,2024-08-09 12:55 PM
184,0,0.0,2024-08-09 12:56 PM
183,0,0.0,2024-08-09 12:57 PM
182,0,0.0,2024-08-09 12:58 PM
181,0,0.0,2024-08-09 12:59 PM
180,11,9.5,2024-08-09 01:00 PM
179,0,0.0,2024-08-09 01:01 PM
178,0,0.0,2024-08-09 01:02 PM
177,0,0.0,2024-08-09 01:03 PM
176,0,0.0,2024-08-09 01:04 PM
175,4,9.61,2024-08-09 01:05 PM
174,0,0.0,2024-08-09 01:06 PM
173,0,0.0,2024-08-09 01:07 PM
172,0,0.0,2024-08-09 01:08 PM
171,0,0.0,2024-08-09 01:09 PM
170,1,10.01,2024-08-09 01:10 PM
169,0,0.0,2024-08-09 01:11 PM
168,0,0.0,2024-08-09 01:12 PM
167,0,0.0,2024-08-09 01:13 PM
166,6,10.66,2024-08-09 01:14 PM
165,0,0.0,2024-08-09 01:15 PM
164,0,0.0,2024-08-09 01:16 PM
163,0,0.0,2024-08-09 01:17 PM
162,0,0.0,2024-08-09 01:18 PM
161,2,11.3,2024-08-09 01:19 PM
160,0,0.0,2024-08-09 01:20 PM
159,0,0.0,2024-08-09 01:21 PM
158,0,0.0,2024-08-09 01:22 PM
157,2,11.05,2024-08-09 01:23 PM
156,0,0.0,2024-08-09 01:24 PM
155,0,0.0,2024-08-09 01:25 PM
154,0,0.0,2024-08-09 01:26 PM
153,0,0.0,2024-08-09 01:27 PM
152,1,11.66,2024-08-09 01:28 PM
151,0,0.0,2024-08-09 01:29 PM
150,2,12.5,2024-08-09 01:30 PM
149,0,0.0,2024-08-09 01:31 PM
148,0,0.0,2024-08-09 01:32 PM
147,0,0.0,2024-08-09 01:33 PM
146,0,0.0,2024-08-09 01:34 PM
145,20,12.11,2024-08-09 01:35 PM
144,0,0.0,2024-08-09 01:36 PM
143,0,0.0,2024-08-09 01:37 PM
142,0,0.0,2024-08-09 01:38 PM
141,1,12.17,2024-08-09 01:39 PM
140,0,0.0,2024-08-09 01:40 PM
139,6,11.85,2024-08-09 01:41 PM
138,1,11.45,2024-08-09 01:42 PM
137,0,0.0,2024-08-09 01:43 PM
136,0,0.0,2024-08-09 01:44 PM
135,0,0.0,2024-08-09 01:45 PM
134,1,11.44,2024-08-09 01:46 PM
133,0,0.0,2024-08-09 01:47 PM
132,9,11.3,2024-08-09 01:48 PM
131,0,0.0,2024-08-09 01:49 PM
130,1,11.22,2024-08-09 01:50 PM
129,0,0.0,2024-08-09 01:51 PM
128,0,0.0,2024-08-09 01:52 PM
127,0,0.0,2024-08-09 01:53 PM
126,0,0.0,2024-08-09 01:54 PM
125,0,0.0,2024-08-09 01:55 PM
124,0,0.0,2024-08-09 01:56 PM
123,2,10.73,2024-08-09 01:57 PM
122,55,10.59,2024-08-09 01:58 PM
121,5,10.57,2024-08-09 01:59 PM
120,0,0.0,2024-08-09 02:00 PM
119,0,0.0,2024-08-09 02:01 PM
118,0,0.0,2024-08-09 02:02 PM
117,0,0.0,2024-08-09 02:03 PM
116,0,0.0,2024-08-09 02:04 PM
115,0,0.0,2024-08-09 02:05 PM
114,0,0.0,2024-08-09 02:06 PM
113,0,0.0,2024-08-09 02:07 PM
112,0,0.0,2024-08-09 02:08 PM
111,0,0.0,2024-08-09 02:09 PM
110,10,10.85,2024-08-09 02:10 PM
109,0,0.0,2024-08-09 02:11 PM
108,0,0.0,2024-08-09 02:12 PM
107,0,0.0,2024-08-09 02:13 PM
106,0,0.0,2024-08-09 02:14 PM
105,0,0.0,2024-08-09 02:15 PM
104,1,10.22,2024-08-09 02:16 PM
103,0,0.0,2024-08-09 02:17 PM
102,9,10.0,2024-08-09 02:18 PM
101,0,0.0,2024-08-09 02:19 PM
100,0,0.0,2024-08-09 02:20 PM
99,0,0.0,2024-08-09 02:21 PM
98,0,0.0,2024-08-09 02:22 PM
97,0,0.0,2024-08-09 02:23 PM
96,0,0.0,2024-08-09 02:24 PM
95,0,0.0,2024-08-09 02:25 PM
94,0,0.0,2024-08-09 02:26 PM
93,0,0.0,2024-08-09 02:27 PM
92,0,0.0,2024-08-09 02:28 PM
91,0,0.0,2024-08-09 02:29 PM
90,0,0.0,2024-08-09 02:30 PM
89,0,0.0,2024-08-09 02:31 PM
88,0,0.0,2024-08-09 02:32 PM
87,0,0.0,2024-08-09 02:33 PM
86,1,9.68,2024-08-09 02:34 PM
85,0,0.0,2024-08-09 02:35 PM
84,0,0.0,2024-08-09 02:36 PM
83,0,0.0,2024-08-09 02:37 PM
82,0,0.0,2024-08-09 02:38 PM
81,0,0.0,2024-08-09 02:39 PM
80,0,0.0,2024-08-09 02:40 PM
79,0,0.0,2024-08-09 02:41 PM
78,1,10.42,2024-08-09 02:42 PM
77,0,0.0,2024-08-09 02:43 PM
76,0,0.0,2024-08-09 02:44 PM
75,0,0.0,2024-08-09 02:45 PM
74,0,0.0,2024-08-09 02:46 PM
73,20,10.7,2024-08-09 02:47 PM
72,0,0.0,2024-08-09 02:48 PM
71,0,0.0,2024-08-09 02:49 PM
70,0,0.0,2024-08-09 02:50 PM
69,0,0.0,2024-08-09 02:51 PM
68,0,0.0,2024-08-09 02:52 PM
67,0,0.0,2024-08-09 02:53 PM
66,5,10.0,2024-08-09 02:54 PM
65,0,0.0,2024-08-09 02:55 PM
64,0,0.0,2024-08-09 02:56 PM
63,0,0.0,2024-08-09 02:57 PM
62,0,0.0,2024-08-09 02:58 PM
61,0,0.0,2024-08-09 02:59 PM
60,51,10.55,2024-08-09 03:00 PM
59,0,0.0,2024-08-09 03:01 PM
58,1,10.25,2024-08-09 03:02 PM
57,0,0.0,2024-08-09 03:03 PM
56,0,0.0,2024-08-09 03:04 PM
55,1,10.13,2024-08-09 03:05 PM
54,0,0.0,2024-08-09 03:06 PM
53,0,0.0,2024-08-09 03:07 PM
52,0,0.0,2024-08-09 03:08 PM
51,0,0.0,2024-08-09 03:09 PM
50,2,10.59,2024-08-09 03:10 PM
49,2,10.78,2024-08-09 03:11 PM
48,0,0.0,2024-08-09 03:12 PM
47,0,0.0,2024-08-09 03:13 PM
46,0,0.0,2024-08-09 03:14 PM
45,0,0.0,2024-08-09 03:15 PM
44,1,10.98,2024-08-09 03:16 PM
43,0,0.0,2024-08-09 03:17 PM
42,1,11.0,2024-08-09 03:18 PM
41,0,0.0,2024-08-09 03:19 PM
40,0,0.0,2024-08-09 03:20 PM
39,0,0.0,2024-08-09 03:21 PM
38,1,10.4,2024-08-09 03:22 PM
37,0,0.0,2024-08-09 03:23 PM
36,3,10.59,2024-08-09 03:24 PM
35,0,0.0,2024-08-09 03:25 PM
34,0,0.0,2024-08-09 03:26 PM
33,0,0.0,2024-08-09 03:27 PM
32,6,10.9,2024-08-09 03:28 PM
31,1,10.96,2024-08-09 03:29 PM
30,0,0.0,2024-08-09 03:30 PM
29,1,11.26,2024-08-09 03:31 PM
28,0,0.0,2024-08-09 03:32 PM
27,26,10.87,2024-08-09 03:33 PM
26,1,10.97,2024-08-09 03:34 PM
25,0,0.0,2024-08-09 03:35 PM
24,51,11.29,2024-08-09 03:36 PM
23,10,10.9,2024-08-09 03:37 PM
22,0,0.0,2024-08-09 03:38 PM
21,0,0.0,2024-08-09 03:39 PM
20,0,0.0,2024-08-09 03:40 PM
19,0,0.0,2024-08-09 03:41 PM
18,0,0.0,2024-08-09 03:42 PM
17,0,0.0,2024-08-09 03:43 PM
16,0,0.0,2024-08-09 03:44 PM
15,0,0.0,2024-08-09 03:45 PM
14,0,0.0,2024-08-09 03:46 PM
13,0,0.0,2024-08-09 03:47 PM
12,0,0.0,2024-08-09 03:48 PM
11,0,0.0,2024-08-09 03:49 PM
10,0,0.0,2024-08-09 03:50 PM
9,0,0.0,2024-08-09 03:51 PM
8,2,10.9,2024-08-09 03:52 PM
7,0,0.0,2024-08-09 03:53 PM
6,11,10.36,2024-08-09 03:54 PM
5,0,0.0,2024-08-09 03:55 PM
4,0,0.0,2024-08-09 03:56 PM
3,0,0.0,2024-08-09 03:57 PM
2,6,11.06,2024-08-09 03:58 PM
1,0,0.0,2024-08-09 03:59 PM
