Row Number,Delta Ask Size,Delta Ask Price,Delta Bid Size,Delta Bid Price,Delta Average of Bid and Ask,Timestamp (EST)
0,0,0,0,0,0,2024-08-05 09:30 AM
1954,23,6.2,61,5.72,5.96,2024-08-05 09:31 AM
1953,0,0.24,-38,0.21,0.23,2024-08-05 09:32 AM
1952,-11,-0.5,-18,-0.23,-0.37,2024-08-05 09:33 AM
1951,10,0.01,13,-0.25,-0.12,2024-08-05 09:34 AM
1950,-3,-0.21,1,-0.12,-0.16,2024-08-05 09:35 AM
1949,-1,-0.1,0,-0.03,-0.07,2024-08-05 09:36 AM
1948,-2,0.21,0,0.22,0.21,2024-08-05 09:37 AM
1947,7,-0.08,4,-0.03,-0.05,2024-08-05 09:38 AM
1946,6,-0.11,0,-0.01,-0.06,2024-08-05 09:39 AM
1945,-24,0.29,33,0.22,0.26,2024-08-05 09:40 AM
1944,71,-0.42,4,-0.45,-0.44,2024-08-05 09:41 AM
1943,2,-0.2,14,-0.2,-0.2,2024-08-05 09:42 AM
1942,-22,-0.04,-18,-0.04,-0.04,2024-08-05 09:43 AM
1941,0,0.23,-55,0.24,0.23,2024-08-05 09:44 AM
1940,-46,0.32,9,-0.2,0.07,2024-08-05 09:45 AM
1939,68,0.18,-8,0.78,0.47,2024-08-05 09:46 AM
1938,-22,-0.02,124,-0.15,-0.08,2024-08-05 09:47 AM
1937,-50,-0.06,-70,0.0,-0.03,2024-08-05 09:48 AM
1936,71,0.04,-55,0.04,0.04,2024-08-05 09:49 AM
1935,-21,0.02,0,0.08,0.05,2024-08-05 09:50 AM
1934,-54,0.0,77,-0.08,-0.04,2024-08-05 09:51 AM
1933,44,-0.08,-35,-0.01,-0.05,2024-08-05 09:52 AM
1932,-3,-0.04,-31,-0.03,-0.03,2024-08-05 09:53 AM
1931,-42,-0.38,-5,-0.33,-0.36,2024-08-05 09:54 AM
1930,42,0.08,36,0.04,0.06,2024-08-05 09:55 AM
1929,3,-0.12,3,-0.12,-0.11,2024-08-05 09:56 AM
1928,-3,0.2,-3,0.2,0.19,2024-08-05 09:57 AM
1927,16,-0.07,1,-0.07,-0.06,2024-08-05 09:58 AM
1926,-16,0.05,12,0.04,0.04,2024-08-05 09:59 AM
1925,-33,0.65,-40,-0.38,0.13,2024-08-05 10:00 AM
1924,10,1.21,14,1.19,1.21,2024-08-05 10:01 AM
1923,17,-0.35,-20,0.71,0.17,2024-08-05 10:02 AM
1922,0,-0.28,30,-0.29,-0.28,2024-08-05 10:03 AM
1921,0,-0.23,-3,-0.23,-0.23,2024-08-05 10:04 AM
1920,0,0.02,7,0.02,0.02,2024-08-05 10:05 AM
1919,9,-0.04,-7,-0.03,-0.03,2024-08-05 10:06 AM
1918,-6,-0.1,8,-0.1,-0.11,2024-08-05 10:07 AM
1917,5,-0.01,22,-0.02,-0.01,2024-08-05 10:08 AM
1916,-8,-0.06,-24,-0.05,-0.05,2024-08-05 10:09 AM
1915,9,-0.16,0,-0.15,-0.16,2024-08-05 10:10 AM
1914,4,-0.21,26,-0.23,-0.22,2024-08-05 10:11 AM
1913,-7,0.07,-65,0.09,0.08,2024-08-05 10:12 AM
1912,0,-0.39,65,-0.4,-0.39,2024-08-05 10:13 AM
1911,0,0.3,-17,0.3,0.29,2024-08-05 10:14 AM
1910,3,0.18,-30,0.19,0.19,2024-08-05 10:15 AM
1909,0,-0.19,21,-0.21,-0.2,2024-08-05 10:16 AM
1908,-3,-0.02,21,-0.02,-0.02,2024-08-05 10:17 AM
1907,58,0.13,18,0.13,0.13,2024-08-05 10:18 AM
1906,-83,0.04,-45,0.06,0.05,2024-08-05 10:19 AM
1905,32,0.0,24,-0.02,-0.01,2024-08-05 10:20 AM
1904,-7,-0.27,-5,-0.27,-0.27,2024-08-05 10:21 AM
1903,-31,-0.03,-36,-0.03,-0.03,2024-08-05 10:22 AM
1902,41,-0.21,-10,-0.2,-0.2,2024-08-05 10:23 AM
1901,-7,-0.18,36,-0.2,-0.2,2024-08-05 10:24 AM
1900,0,0.13,-12,0.15,0.14,2024-08-05 10:25 AM
1899,37,0.15,76,0.13,0.15,2024-08-05 10:26 AM
1898,-14,-0.08,-49,-0.08,-0.08,2024-08-05 10:27 AM
1897,-57,-0.28,-60,-0.25,-0.27,2024-08-05 10:28 AM
1896,114,-0.02,42,-0.05,-0.04,2024-08-05 10:29 AM
1895,-83,-0.29,12,-0.32,-0.3,2024-08-05 10:30 AM
1894,3,0.01,-12,0.05,0.03,2024-08-05 10:31 AM
1893,18,0.33,55,0.32,0.33,2024-08-05 10:32 AM
1892,-52,-0.31,-97,-0.25,-0.28,2024-08-05 10:33 AM
1891,31,0.38,80,0.33,0.35,2024-08-05 10:34 AM
1890,-42,0.39,-57,0.48,0.44,2024-08-05 10:35 AM
1889,8,0.03,66,-0.05,-0.01,2024-08-05 10:36 AM
1888,52,-0.07,-39,-0.08,-0.08,2024-08-05 10:37 AM
1887,-6,-0.19,-26,-0.19,-0.19,2024-08-05 10:38 AM
1886,5,0.23,-8,0.25,0.24,2024-08-05 10:39 AM
1885,-17,0.02,-14,0.07,0.05,2024-08-05 10:40 AM
1884,3,-0.29,38,-0.32,-0.31,2024-08-05 10:41 AM
1883,6,0.07,16,0.06,0.06,2024-08-05 10:42 AM
1882,-9,-0.03,8,-0.05,-0.03,2024-08-05 10:43 AM
1881,10,-0.14,-49,-0.07,-0.11,2024-08-05 10:44 AM
1880,29,-0.11,15,-0.14,-0.12,2024-08-05 10:45 AM
1879,-26,0.11,-11,0.08,0.09,2024-08-05 10:46 AM
1878,-12,0.04,23,0.04,0.04,2024-08-05 10:47 AM
1877,17,-0.19,-41,-0.12,-0.15,2024-08-05 10:48 AM
1876,-36,0.18,8,0.13,0.15,2024-08-05 10:49 AM
1875,21,-0.32,10,-0.28,-0.3,2024-08-05 10:50 AM
1874,0,-0.21,-4,-0.21,-0.21,2024-08-05 10:51 AM
1873,46,0.17,49,0.11,0.14,2024-08-05 10:52 AM
1872,-40,0.33,-25,0.38,0.35,2024-08-05 10:53 AM
1871,-41,0.59,-3,0.57,0.58,2024-08-05 10:54 AM
1870,26,-0.01,-33,-0.02,-0.01,2024-08-05 10:55 AM
1869,9,-0.35,12,-0.34,-0.34,2024-08-05 10:56 AM
1868,-3,-0.07,0,-0.1,-0.09,2024-08-05 10:57 AM
1867,13,-0.34,0,-0.31,-0.33,2024-08-05 10:58 AM
1866,-13,-0.05,-1,-0.05,-0.04,2024-08-05 10:59 AM
1865,-26,0.06,71,-0.04,0.0,2024-08-05 11:00 AM
1864,-16,-0.16,-35,-0.09,-0.12,2024-08-05 11:01 AM
1863,92,-0.21,-8,-0.21,-0.21,2024-08-05 11:02 AM
1862,-50,0.08,-30,0.15,0.12,2024-08-05 11:03 AM
1861,8,0.33,20,0.29,0.3,2024-08-05 11:04 AM
1860,-5,-0.22,18,-0.22,-0.22,2024-08-05 11:05 AM
1859,-45,0.16,-38,0.18,0.17,2024-08-05 11:06 AM
1858,80,0.09,-3,0.08,0.09,2024-08-05 11:07 AM
1857,-28,0.3,2,0.29,0.29,2024-08-05 11:08 AM
1856,6,0.49,42,0.48,0.49,2024-08-05 11:09 AM
1855,-58,-0.15,-38,-0.09,-0.12,2024-08-05 11:10 AM
1854,108,0.05,-7,0.0,0.02,2024-08-05 11:11 AM
1853,-55,0.36,6,0.41,0.39,2024-08-05 11:12 AM
1852,18,-0.17,86,-0.23,-0.2,2024-08-05 11:13 AM
1851,-13,-0.3,-79,-0.3,-0.3,2024-08-05 11:14 AM
1850,82,0.21,-16,0.22,0.22,2024-08-05 11:15 AM
1849,-139,0.01,6,0.1,0.05,2024-08-05 11:16 AM
1848,52,-0.24,71,-0.32,-0.28,2024-08-05 11:17 AM
1847,15,0.32,-65,0.38,0.35,2024-08-05 11:18 AM
1846,-15,-0.03,-8,-0.06,-0.04,2024-08-05 11:19 AM
1845,0,-0.21,23,-0.22,-0.22,2024-08-05 11:20 AM
1844,53,0.28,-26,0.29,0.28,2024-08-05 11:21 AM
1843,40,0.05,212,0.01,0.03,2024-08-05 11:22 AM
1842,-146,0.01,-218,0.08,0.05,2024-08-05 11:23 AM
1841,1,0.1,0,0.07,0.08,2024-08-05 11:24 AM
1840,10,-0.04,0,-0.06,-0.04,2024-08-05 11:25 AM
1839,-11,-0.03,0,-0.04,-0.04,2024-08-05 11:26 AM
1838,132,-0.08,111,-0.09,-0.09,2024-08-05 11:27 AM
1837,-111,-0.4,-32,-0.37,-0.38,2024-08-05 11:28 AM
1836,-5,0.01,20,0.0,0.01,2024-08-05 11:29 AM
1835,37,-0.11,-73,-0.1,-0.11,2024-08-05 11:30 AM
1834,-37,0.14,27,0.12,0.13,2024-08-05 11:31 AM
1833,-5,-0.07,-9,-0.07,-0.07,2024-08-05 11:32 AM
1832,-1,0.17,-2,0.24,0.2,2024-08-05 11:33 AM
1831,58,0.07,37,-0.01,0.04,2024-08-05 11:34 AM
1830,-15,-0.22,-79,-0.17,-0.2,2024-08-05 11:35 AM
1829,30,-0.12,0,-0.12,-0.12,2024-08-05 11:36 AM
1828,-48,0.39,87,0.35,0.37,2024-08-05 11:37 AM
1827,23,0.4,-87,0.46,0.43,2024-08-05 11:38 AM
1826,-55,0.0,7,-0.05,-0.03,2024-08-05 11:39 AM
1825,50,-0.25,78,-0.27,-0.26,2024-08-05 11:40 AM
1824,-32,-0.14,-85,-0.16,-0.14,2024-08-05 11:41 AM
1823,1,-0.09,62,-0.32,-0.21,2024-08-05 11:42 AM
1822,-17,-0.13,-53,0.12,0.0,2024-08-05 11:43 AM
1821,0,-0.12,44,-0.12,-0.13,2024-08-05 11:44 AM
1820,17,-0.02,0,0.0,-0.01,2024-08-05 11:45 AM
1819,16,-0.04,-53,-0.02,-0.03,2024-08-05 11:46 AM
1818,-31,0.22,0,0.23,0.23,2024-08-05 11:47 AM
1817,3,-0.07,21,-0.1,-0.08,2024-08-05 11:48 AM
1816,35,-0.03,-21,0.0,-0.02,2024-08-05 11:49 AM
1815,-39,-0.16,61,-0.17,-0.17,2024-08-05 11:50 AM
1814,0,-0.25,-61,-0.24,-0.24,2024-08-05 11:51 AM
1813,-5,0.22,6,0.22,0.22,2024-08-05 11:52 AM
1812,19,0.17,47,0.15,0.16,2024-08-05 11:53 AM
1811,25,-0.09,-36,-0.09,-0.09,2024-08-05 11:54 AM
1810,-1,0.1,8,0.11,0.1,2024-08-05 11:55 AM
1809,33,0.05,-25,0.04,0.05,2024-08-05 11:56 AM
1808,-72,-0.21,0,-0.2,-0.2,2024-08-05 11:57 AM
1807,41,-0.09,74,-0.11,-0.11,2024-08-05 11:58 AM
1806,-46,0.05,-21,0.07,0.07,2024-08-05 11:59 AM
1805,52,0.11,0,0.08,0.09,2024-08-05 12:00 PM
1804,-49,-0.13,-53,-0.07,-0.1,2024-08-05 12:01 PM
1803,5,-0.1,29,-0.14,-0.12,2024-08-05 12:02 PM
1802,-8,0.21,49,0.23,0.22,2024-08-05 12:03 PM
1801,20,0.34,-67,0.35,0.34,2024-08-05 12:04 PM
1800,9,-0.09,15,-0.12,-0.1,2024-08-05 12:05 PM
1799,-25,-0.1,27,-0.05,-0.08,2024-08-05 12:06 PM
1798,4,0.26,-53,0.24,0.25,2024-08-05 12:07 PM
1797,31,0.11,33,0.08,0.1,2024-08-05 12:08 PM
1796,16,0.02,5,0.02,0.02,2024-08-05 12:09 PM
1795,-45,0.02,-38,0.04,0.03,2024-08-05 12:10 PM
1794,-6,-0.07,0,-0.05,-0.06,2024-08-05 12:11 PM
1793,6,0.01,3,-0.01,0.0,2024-08-05 12:12 PM
1792,15,-0.02,62,-0.03,-0.02,2024-08-05 12:13 PM
1791,-25,0.27,24,0.29,0.27,2024-08-05 12:14 PM
1790,23,-0.03,-65,-0.01,-0.01,2024-08-05 12:15 PM
1789,-11,0.11,119,0.08,0.09,2024-08-05 12:16 PM
1788,2,0.04,-71,0.03,0.04,2024-08-05 12:17 PM
1787,-6,0.18,15,0.2,0.19,2024-08-05 12:18 PM
1786,-1,0.09,27,0.08,0.08,2024-08-05 12:19 PM
1785,61,0.2,-46,0.17,0.18,2024-08-05 12:20 PM
1784,-36,-0.21,-45,-0.18,-0.19,2024-08-05 12:21 PM
1783,36,0.08,-18,0.11,0.1,2024-08-05 12:22 PM
1782,-61,0.1,48,0.08,0.09,2024-08-05 12:23 PM
1781,55,0.13,-14,0.13,0.13,2024-08-05 12:24 PM
1780,-27,0.14,19,0.11,0.12,2024-08-05 12:25 PM
1779,58,0.0,-17,0.03,0.01,2024-08-05 12:26 PM
1778,-58,0.21,16,0.19,0.2,2024-08-05 12:27 PM
1777,23,0.14,-22,0.17,0.16,2024-08-05 12:28 PM
1776,-43,0.21,29,0.21,0.21,2024-08-05 12:29 PM
1775,72,0.13,-25,0.12,0.12,2024-08-05 12:30 PM
1774,-70,-0.28,-20,-0.25,-0.26,2024-08-05 12:31 PM
1773,36,-0.21,7,-0.2,-0.2,2024-08-05 12:32 PM
1772,6,-0.07,82,-0.1,-0.09,2024-08-05 12:33 PM
1771,-34,-0.28,-90,-0.23,-0.25,2024-08-05 12:34 PM
1770,53,-0.01,0,-0.04,-0.03,2024-08-05 12:35 PM
1769,-24,-0.13,-1,-0.12,-0.12,2024-08-05 12:36 PM
1768,-15,-0.08,36,-0.1,-0.09,2024-08-05 12:37 PM
1767,-20,-0.21,-35,-0.19,-0.21,2024-08-05 12:38 PM
1766,38,0.0,-1,0.02,0.01,2024-08-05 12:39 PM
1765,-57,-0.04,54,-0.07,-0.05,2024-08-05 12:40 PM
1764,13,-0.03,-47,-0.04,-0.03,2024-08-05 12:41 PM
1763,-5,0.12,52,0.12,0.12,2024-08-05 12:42 PM
1762,10,0.21,25,0.2,0.2,2024-08-05 12:43 PM
1761,36,-0.35,-30,-0.35,-0.35,2024-08-05 12:44 PM
1760,-1,-0.05,-52,-0.03,-0.04,2024-08-05 12:45 PM
1759,-35,-0.03,3,-0.04,-0.04,2024-08-05 12:46 PM
1758,-14,-0.2,46,-0.2,-0.19,2024-08-05 12:47 PM
1757,-1,-0.01,-68,0.02,0.0,2024-08-05 12:48 PM
1756,-3,-0.01,75,-0.03,-0.02,2024-08-05 12:49 PM
1755,9,-0.01,-22,-0.01,-0.01,2024-08-05 12:50 PM
1754,-7,-0.2,-44,-0.2,-0.2,2024-08-05 12:51 PM
1753,128,0.16,11,0.16,0.16,2024-08-05 12:52 PM
1752,-120,-0.05,15,-0.05,-0.05,2024-08-05 12:53 PM
1751,-10,-0.06,-11,-0.05,-0.05,2024-08-05 12:54 PM
1750,1,-0.22,-5,-0.22,-0.23,2024-08-05 12:55 PM
1749,90,0.02,13,0.02,0.02,2024-08-05 12:56 PM
1748,-38,-0.08,31,-0.08,-0.08,2024-08-05 12:57 PM
1747,0,0.05,-39,0.03,0.05,2024-08-05 12:58 PM
1746,76,0.11,-12,0.11,0.1,2024-08-05 12:59 PM
1745,-128,-0.04,-12,-0.01,-0.02,2024-08-05 01:00 PM
1744,57,0.12,73,0.09,0.1,2024-08-05 01:01 PM
1743,0,-0.11,-72,-0.1,-0.1,2024-08-05 01:02 PM
1742,-1,-0.09,-1,-0.08,-0.08,2024-08-05 01:03 PM
1741,-57,0.03,123,0.03,0.02,2024-08-05 01:04 PM
1740,0,0.04,-103,0.04,0.05,2024-08-05 01:05 PM
1739,117,-0.03,4,-0.04,-0.04,2024-08-05 01:06 PM
1738,-59,0.04,38,0.04,0.04,2024-08-05 01:07 PM
1737,-1,0.19,31,0.18,0.18,2024-08-05 01:08 PM
1736,-57,0.11,-88,0.13,0.13,2024-08-05 01:09 PM
1735,84,-0.12,-1,-0.13,-0.13,2024-08-05 01:10 PM
1734,-84,0.14,-4,0.15,0.15,2024-08-05 01:11 PM
1733,58,-0.03,21,-0.04,-0.04,2024-08-05 01:12 PM
1732,-5,-0.15,19,-0.14,-0.14,2024-08-05 01:13 PM
1731,-53,-0.14,-26,-0.15,-0.15,2024-08-05 01:14 PM
1730,0,0.22,44,0.22,0.22,2024-08-05 01:15 PM
1729,54,0.09,-23,0.08,0.09,2024-08-05 01:16 PM
1728,-47,0.04,-22,0.05,0.04,2024-08-05 01:17 PM
1727,50,-0.03,91,-0.04,-0.04,2024-08-05 01:18 PM
1726,-57,0.06,-101,0.08,0.07,2024-08-05 01:19 PM
1725,0,-0.02,55,-0.02,-0.02,2024-08-05 01:20 PM
1724,0,0.0,7,-0.01,0.0,2024-08-05 01:21 PM
1723,57,0.13,-58,0.13,0.13,2024-08-05 01:22 PM
1722,-3,0.15,47,0.14,0.15,2024-08-05 01:23 PM
1721,-53,-0.09,-22,-0.08,-0.09,2024-08-05 01:24 PM
1720,67,-0.11,22,-0.12,-0.12,2024-08-05 01:25 PM
1719,-11,0.07,-28,0.09,0.08,2024-08-05 01:26 PM
1718,16,0.25,-17,0.23,0.25,2024-08-05 01:27 PM
1717,27,-0.15,1,-0.15,-0.16,2024-08-05 01:28 PM
1716,-28,-0.17,1,-0.16,-0.16,2024-08-05 01:29 PM
1715,-1,-0.16,47,-0.17,-0.17,2024-08-05 01:30 PM
1714,-53,0.06,0,0.07,0.07,2024-08-05 01:31 PM
1713,16,0.03,19,0.03,0.03,2024-08-05 01:32 PM
1712,2,-0.13,-19,-0.13,-0.13,2024-08-05 01:33 PM
1711,-12,0.16,-20,0.18,0.17,2024-08-05 01:34 PM
1710,-24,0.11,-20,0.11,0.11,2024-08-05 01:35 PM
1709,6,-0.17,47,-0.18,-0.17,2024-08-05 01:36 PM
1708,21,0.03,-8,0.06,0.04,2024-08-05 01:37 PM
1707,-13,0.04,-49,0.02,0.03,2024-08-05 01:38 PM
1706,-8,-0.05,6,-0.05,-0.05,2024-08-05 01:39 PM
1705,4,0.04,0,0.03,0.04,2024-08-05 01:40 PM
1704,12,0.11,-8,0.12,0.11,2024-08-05 01:41 PM
1703,18,0.13,12,0.12,0.13,2024-08-05 01:42 PM
1702,-34,-0.03,-11,-0.02,-0.03,2024-08-05 01:43 PM
1701,10,-0.18,15,-0.18,-0.18,2024-08-05 01:44 PM
1700,51,0.05,22,0.03,0.04,2024-08-05 01:45 PM
1699,-3,-0.06,-38,-0.05,-0.05,2024-08-05 01:46 PM
1698,-63,-0.08,9,-0.07,-0.08,2024-08-05 01:47 PM
1697,73,0.1,-8,0.09,0.09,2024-08-05 01:48 PM
1696,-74,-0.03,7,-0.02,-0.02,2024-08-05 01:49 PM
1695,0,-0.06,51,-0.07,-0.07,2024-08-05 01:50 PM
1694,2,0.05,-42,0.06,0.06,2024-08-05 01:51 PM
1693,4,-0.11,-15,-0.11,-0.11,2024-08-05 01:52 PM
1692,8,0.09,30,0.07,0.08,2024-08-05 01:53 PM
1691,8,-0.01,-16,-0.01,-0.01,2024-08-05 01:54 PM
1690,-13,-0.11,-22,-0.09,-0.1,2024-08-05 01:55 PM
1689,8,0.03,6,0.01,0.02,2024-08-05 01:56 PM
1688,-8,-0.04,28,-0.04,-0.04,2024-08-05 01:57 PM
1687,77,-0.14,-28,-0.15,-0.15,2024-08-05 01:58 PM
1686,-77,-0.1,25,-0.08,-0.09,2024-08-05 01:59 PM
1685,-7,0.08,-21,0.08,0.09,2024-08-05 02:00 PM
1684,51,-0.24,19,-0.24,-0.25,2024-08-05 02:01 PM
1683,6,-0.11,-19,-0.11,-0.1,2024-08-05 02:02 PM
1682,-51,0.06,6,0.06,0.06,2024-08-05 02:03 PM
1681,-8,0.0,-6,0.03,0.01,2024-08-05 02:04 PM
1680,53,-0.07,-2,-0.09,-0.08,2024-08-05 02:05 PM
1679,-53,-0.03,8,-0.03,-0.03,2024-08-05 02:06 PM
1678,0,0.11,37,0.11,0.11,2024-08-05 02:07 PM
1677,55,-0.07,32,-0.08,-0.07,2024-08-05 02:08 PM
1676,-31,0.09,-44,0.09,0.09,2024-08-05 02:09 PM
1675,-17,0.04,-32,0.05,0.04,2024-08-05 02:10 PM
1674,51,-0.17,-6,-0.17,-0.17,2024-08-05 02:11 PM
1673,-1,0.05,32,0.04,0.05,2024-08-05 02:12 PM
1672,-57,0.06,-34,0.07,0.06,2024-08-05 02:13 PM
1671,3,-0.14,31,-0.14,-0.14,2024-08-05 02:14 PM
1670,2,-0.09,7,-0.1,-0.09,2024-08-05 02:15 PM
1669,-5,0.02,-28,0.03,0.02,2024-08-05 02:16 PM
1668,3,0.02,11,0.02,0.02,2024-08-05 02:17 PM
1667,69,0.09,-8,0.08,0.08,2024-08-05 02:18 PM
1666,-60,0.07,0,0.07,0.07,2024-08-05 02:19 PM
1665,-5,-0.01,-13,0.01,0.0,2024-08-05 02:20 PM
1664,51,0.05,5,0.04,0.05,2024-08-05 02:21 PM
1663,4,-0.04,3,-0.04,-0.04,2024-08-05 02:22 PM
1662,-55,-0.12,-2,-0.13,-0.12,2024-08-05 02:23 PM
1661,-7,0.01,1,0.03,0.01,2024-08-05 02:24 PM
1660,0,-0.04,2,-0.04,-0.04,2024-08-05 02:25 PM
1659,96,0.11,-10,0.09,0.11,2024-08-05 02:26 PM
1658,-31,0.06,9,0.07,0.06,2024-08-05 02:27 PM
1657,-5,-0.06,-2,-0.07,-0.06,2024-08-05 02:28 PM
1656,2,0.17,10,0.18,0.17,2024-08-05 02:29 PM
1655,3,-0.04,-10,-0.04,-0.04,2024-08-05 02:30 PM
1654,-64,0.07,0,0.09,0.08,2024-08-05 02:31 PM
1653,61,-0.1,1,-0.13,-0.11,2024-08-05 02:32 PM
1652,-5,0.04,-1,0.06,0.04,2024-08-05 02:33 PM
1651,0,-0.03,8,-0.05,-0.04,2024-08-05 02:34 PM
1650,-50,-0.15,-8,-0.14,-0.14,2024-08-05 02:35 PM
1649,-5,0.02,50,0.02,0.02,2024-08-05 02:36 PM
1648,15,0.14,-50,0.15,0.14,2024-08-05 02:37 PM
1647,40,-0.21,-4,-0.21,-0.2,2024-08-05 02:38 PM
1646,-57,-0.11,18,-0.13,-0.13,2024-08-05 02:39 PM
1645,2,0.02,-19,0.03,0.03,2024-08-05 02:40 PM
1644,51,-0.08,21,-0.09,-0.08,2024-08-05 02:41 PM
1643,-50,0.02,-16,0.02,0.02,2024-08-05 02:42 PM
1642,14,-0.12,1,-0.11,-0.12,2024-08-05 02:43 PM
1641,-17,0.01,47,0.0,0.01,2024-08-05 02:44 PM
1640,67,-0.07,-55,-0.06,-0.07,2024-08-05 02:45 PM
1639,5,-0.11,8,-0.11,-0.11,2024-08-05 02:46 PM
1638,-6,-0.05,-6,-0.05,-0.05,2024-08-05 02:47 PM
1637,-59,0.22,82,0.21,0.21,2024-08-05 02:48 PM
1636,-7,-0.15,-57,-0.13,-0.13,2024-08-05 02:49 PM
1635,17,-0.07,-18,-0.07,-0.07,2024-08-05 02:50 PM
1634,-15,0.05,0,0.05,0.04,2024-08-05 02:51 PM
1633,94,0.22,-7,0.21,0.22,2024-08-05 02:52 PM
1632,-96,-0.01,24,-0.02,-0.01,2024-08-05 02:53 PM
1631,61,-0.1,-24,-0.08,-0.09,2024-08-05 02:54 PM
1630,57,-0.08,40,-0.1,-0.09,2024-08-05 02:55 PM
1629,-51,-0.12,4,-0.11,-0.12,2024-08-05 02:56 PM
1628,-67,-0.02,-44,-0.01,-0.02,2024-08-05 02:57 PM
1627,71,0.08,64,0.04,0.07,2024-08-05 02:58 PM
1626,-71,0.0,-62,0.04,0.01,2024-08-05 02:59 PM
1625,0,-0.08,19,-0.09,-0.08,2024-08-05 03:00 PM
1624,0,0.11,-14,0.12,0.11,2024-08-05 03:01 PM
1623,61,0.04,0,0.03,0.04,2024-08-05 03:02 PM
1622,-52,0.23,25,0.22,0.23,2024-08-05 03:03 PM
1621,-9,0.12,-25,0.13,0.12,2024-08-05 03:04 PM
1620,90,0.06,-1,0.06,0.06,2024-08-05 03:05 PM
1619,-90,-0.15,8,-0.15,-0.15,2024-08-05 03:06 PM
1618,0,-0.12,33,-0.12,-0.12,2024-08-05 03:07 PM
1617,58,-0.08,-15,-0.09,-0.08,2024-08-05 03:08 PM
1616,12,0.1,-20,0.1,0.1,2024-08-05 03:09 PM
1615,-61,-0.08,-5,-0.06,-0.07,2024-08-05 03:10 PM
1614,48,-0.03,6,-0.04,-0.04,2024-08-05 03:11 PM
1613,0,0.09,2,0.09,0.09,2024-08-05 03:12 PM
1612,-48,-0.08,-16,-0.08,-0.08,2024-08-05 03:13 PM
1611,53,-0.01,11,-0.02,-0.01,2024-08-05 03:14 PM
1610,-55,-0.09,70,-0.09,-0.1,2024-08-05 03:15 PM
1609,3,0.06,-80,0.06,0.06,2024-08-05 03:16 PM
1608,-8,0.03,0,0.05,0.05,2024-08-05 03:17 PM
1607,66,0.0,41,-0.03,-0.02,2024-08-05 03:18 PM
1606,-49,-0.02,-26,-0.02,-0.02,2024-08-05 03:19 PM
1605,-10,0.1,-8,0.11,0.1,2024-08-05 03:20 PM
1604,52,0.16,52,0.15,0.16,2024-08-05 03:21 PM
1603,-52,-0.04,-59,-0.02,-0.03,2024-08-05 03:22 PM
1602,52,-0.02,7,-0.03,-0.02,2024-08-05 03:23 PM
1601,-37,-0.03,57,-0.04,-0.04,2024-08-05 03:24 PM
1600,92,0.07,-66,0.09,0.08,2024-08-05 03:25 PM
1599,-107,-0.08,0,-0.08,-0.08,2024-08-05 03:26 PM
1598,-8,0.14,0,0.13,0.14,2024-08-05 03:27 PM
1597,8,0.0,69,-0.01,-0.01,2024-08-05 03:28 PM
1596,0,-0.12,-63,-0.11,-0.12,2024-08-05 03:29 PM
1595,81,0.07,36,0.06,0.07,2024-08-05 03:30 PM
1594,-18,-0.08,-21,-0.08,-0.08,2024-08-05 03:31 PM
1593,-63,-0.22,40,-0.21,-0.21,2024-08-05 03:32 PM
1592,-9,-0.09,5,-0.1,-0.1,2024-08-05 03:33 PM
1591,69,0.03,0,0.02,0.03,2024-08-05 03:34 PM
1590,-64,0.21,-5,0.22,0.21,2024-08-05 03:35 PM
1589,-5,0.03,-61,0.03,0.03,2024-08-05 03:36 PM
1588,62,0.02,9,0.01,0.02,2024-08-05 03:37 PM
1587,69,0.12,16,0.14,0.13,2024-08-05 03:38 PM
1586,-125,-0.19,-19,-0.19,-0.2,2024-08-05 03:39 PM
1585,-5,-0.03,-6,-0.03,-0.02,2024-08-05 03:40 PM
1584,65,-0.04,1,-0.04,-0.05,2024-08-05 03:41 PM
1583,-60,-0.07,2,-0.06,-0.06,2024-08-05 03:42 PM
1582,-5,-0.03,75,-0.05,-0.04,2024-08-05 03:43 PM
1581,5,-0.16,-17,-0.13,-0.15,2024-08-05 03:44 PM
1580,-5,-0.03,-61,-0.05,-0.03,2024-08-05 03:45 PM
1579,0,0.06,1,0.07,0.06,2024-08-05 03:46 PM
1578,0,0.0,0,0.0,0.0,2024-08-05 03:47 PM
1577,0,-0.03,9,-0.03,-0.03,2024-08-05 03:48 PM
1576,-1,-0.04,-6,-0.03,-0.03,2024-08-05 03:49 PM
1575,93,0.16,57,0.1,0.13,2024-08-05 03:50 PM
1574,-87,0.25,-56,0.27,0.25,2024-08-05 03:51 PM
1573,55,-0.02,1,-0.02,-0.02,2024-08-05 03:52 PM
1572,13,-0.06,3,-0.05,-0.05,2024-08-05 03:53 PM
1571,-6,0.07,-1,0.06,0.07,2024-08-05 03:54 PM
1570,-6,0.04,78,0.01,0.02,2024-08-05 03:55 PM
1569,-62,0.11,-78,0.15,0.13,2024-08-05 03:56 PM
1568,0,-0.02,58,-0.03,-0.03,2024-08-05 03:57 PM
1567,66,0.24,10,0.23,0.24,2024-08-05 03:58 PM
1566,-66,0.15,-76,0.16,0.16,2024-08-05 03:59 PM
1565,19,0.22,54,0.17,0.19,2024-08-05 04:00 PM
1564,-20,-6.27,-55,-6.15,-6.21,2024-08-06 09:30 AM
1563,2,5.89,1,5.79,5.84,2024-08-06 09:31 AM
1562,55,-0.08,11,-0.07,-0.08,2024-08-06 09:32 AM
1561,-30,0.32,47,0.34,0.33,2024-08-06 09:33 AM
1560,-26,-0.08,-52,-0.04,-0.05,2024-08-06 09:34 AM
1559,99,-0.21,-3,-0.25,-0.24,2024-08-06 09:35 AM
1558,-98,-0.06,8,-0.04,-0.04,2024-08-06 09:36 AM
1557,19,-0.16,-3,-0.14,-0.15,2024-08-06 09:37 AM
1556,83,0.04,14,0.01,0.02,2024-08-06 09:38 AM
1555,-50,0.18,-13,0.2,0.19,2024-08-06 09:39 AM
1554,-51,-0.06,0,-0.07,-0.06,2024-08-06 09:40 AM
1553,59,-0.25,-8,-0.25,-0.25,2024-08-06 09:41 AM
1552,0,-0.19,106,-0.2,-0.2,2024-08-06 09:42 AM
1551,38,-0.21,-93,-0.2,-0.2,2024-08-06 09:43 AM
1550,-21,0.14,-14,0.15,0.14,2024-08-06 09:44 AM
1549,-7,0.06,9,0.05,0.05,2024-08-06 09:45 AM
1548,-71,-0.18,77,-0.18,-0.18,2024-08-06 09:46 AM
1547,56,0.31,-77,0.34,0.33,2024-08-06 09:47 AM
1546,2,0.35,49,0.33,0.34,2024-08-06 09:48 AM
1545,9,0.09,-5,0.09,0.09,2024-08-06 09:49 AM
1544,0,-0.06,25,-0.06,-0.06,2024-08-06 09:50 AM
1543,-14,-0.07,-20,-0.06,-0.07,2024-08-06 09:51 AM
1542,161,0.06,29,0.04,0.05,2024-08-06 09:52 AM
1541,-195,0.52,-68,0.53,0.53,2024-08-06 09:53 AM
1540,39,0.02,34,0.02,0.02,2024-08-06 09:54 AM
1539,-5,0.14,14,0.14,0.14,2024-08-06 09:55 AM
1538,0,-0.07,1,-0.07,-0.07,2024-08-06 09:56 AM
1537,14,0.24,-49,0.24,0.24,2024-08-06 09:57 AM
1536,84,0.02,34,0.02,0.02,2024-08-06 09:58 AM
1535,63,-0.21,14,-0.22,-0.22,2024-08-06 09:59 AM
1534,-189,0.06,19,0.07,0.07,2024-08-06 10:00 AM
1533,38,-0.14,203,-0.14,-0.14,2024-08-06 10:01 AM
1532,-9,0.16,-115,0.15,0.15,2024-08-06 10:02 AM
1531,54,0.45,-121,0.45,0.45,2024-08-06 10:03 AM
1530,-55,-0.22,0,-0.2,-0.2,2024-08-06 10:04 AM
1529,-53,0.14,0,0.14,0.14,2024-08-06 10:05 AM
1528,130,0.03,0,0.02,0.02,2024-08-06 10:06 AM
1527,-108,-0.06,-44,-0.04,-0.05,2024-08-06 10:07 AM
1526,72,0.18,-9,0.17,0.17,2024-08-06 10:08 AM
1525,-20,0.17,181,0.16,0.17,2024-08-06 10:09 AM
1524,-7,0.14,-73,0.14,0.14,2024-08-06 10:10 AM
1523,-14,-0.12,-55,-0.11,-0.11,2024-08-06 10:11 AM
1522,25,-0.15,34,-0.16,-0.16,2024-08-06 10:12 AM
1521,-18,-0.08,-68,-0.05,-0.07,2024-08-06 10:13 AM
1520,58,0.2,87,0.17,0.19,2024-08-06 10:14 AM
1519,-44,-0.22,2,-0.22,-0.22,2024-08-06 10:15 AM
1518,-16,-0.27,-50,-0.27,-0.27,2024-08-06 10:16 AM
1517,57,0.27,9,0.27,0.27,2024-08-06 10:17 AM
1516,-41,-0.21,-58,-0.2,-0.21,2024-08-06 10:18 AM
1515,-74,0.39,74,0.39,0.4,2024-08-06 10:19 AM
1514,0,0.02,-30,0.02,0.01,2024-08-06 10:20 AM
1513,53,0.0,5,0.0,0.0,2024-08-06 10:21 AM
1512,14,-0.04,-5,-0.05,-0.04,2024-08-06 10:22 AM
1511,-14,0.07,20,0.07,0.07,2024-08-06 10:23 AM
1510,-53,-0.24,-4,-0.23,-0.24,2024-08-06 10:24 AM
1509,0,0.33,-10,0.33,0.33,2024-08-06 10:25 AM
1508,53,-0.01,9,-0.02,-0.01,2024-08-06 10:26 AM
1507,15,-0.16,-10,-0.16,-0.16,2024-08-06 10:27 AM
1506,-15,0.12,28,0.12,0.12,2024-08-06 10:28 AM
1505,-34,0.06,-18,0.06,0.06,2024-08-06 10:29 AM
1504,-19,-0.53,33,-0.52,-0.53,2024-08-06 10:30 AM
1503,53,-0.23,-48,-0.23,-0.23,2024-08-06 10:31 AM
1502,-53,0.01,14,0.01,0.02,2024-08-06 10:32 AM
1501,33,0.12,0,0.13,0.12,2024-08-06 10:33 AM
1500,75,-0.06,11,-0.09,-0.08,2024-08-06 10:34 AM
1499,-41,0.36,-50,0.37,0.37,2024-08-06 10:35 AM
1498,-67,0.27,30,0.29,0.28,2024-08-06 10:36 AM
1497,99,-0.09,0,-0.12,-0.1,2024-08-06 10:37 AM
1496,-15,0.36,-1,0.37,0.36,2024-08-06 10:38 AM
1495,4,0.03,16,0.03,0.03,2024-08-06 10:39 AM
1494,-21,-0.15,-15,-0.15,-0.15,2024-08-06 10:40 AM
1493,-28,0.14,-13,0.15,0.14,2024-08-06 10:41 AM
1492,46,0.05,14,0.04,0.05,2024-08-06 10:42 AM
1491,-78,0.09,-40,0.09,0.09,2024-08-06 10:43 AM
1490,27,0.11,38,0.11,0.11,2024-08-06 10:44 AM
1489,-4,0.08,-8,0.1,0.09,2024-08-06 10:45 AM
1488,40,0.09,8,0.07,0.08,2024-08-06 10:46 AM
1487,-70,0.29,-19,0.28,0.29,2024-08-06 10:47 AM
1486,40,0.29,2,0.28,0.28,2024-08-06 10:48 AM
1485,-21,-0.11,-2,-0.1,-0.1,2024-08-06 10:49 AM
1484,21,0.12,2,0.11,0.11,2024-08-06 10:50 AM
1483,9,-0.28,1,-0.27,-0.28,2024-08-06 10:51 AM
1482,-42,-0.02,8,-0.01,-0.01,2024-08-06 10:52 AM
1481,33,0.16,-9,0.15,0.16,2024-08-06 10:53 AM
1480,0,0.01,-15,0.01,0.01,2024-08-06 10:54 AM
1479,-12,-0.13,3,-0.14,-0.14,2024-08-06 10:55 AM
1478,-21,-0.1,46,-0.09,-0.1,2024-08-06 10:56 AM
1477,52,-0.03,-34,-0.04,-0.03,2024-08-06 10:57 AM
1476,-59,-0.09,-40,-0.07,-0.08,2024-08-06 10:58 AM
1475,7,-0.15,46,-0.15,-0.15,2024-08-06 10:59 AM
1474,33,0.22,-6,0.21,0.21,2024-08-06 11:00 AM
1473,7,-0.03,7,-0.03,-0.03,2024-08-06 11:01 AM
1472,-9,0.13,-47,0.15,0.14,2024-08-06 11:02 AM
1471,-37,-0.01,40,-0.03,-0.02,2024-08-06 11:03 AM
1470,6,-0.05,-2,-0.04,-0.04,2024-08-06 11:04 AM
1469,35,-0.03,5,-0.04,-0.03,2024-08-06 11:05 AM
1468,12,0.12,0,0.12,0.11,2024-08-06 11:06 AM
1467,-24,-0.07,-42,-0.06,-0.06,2024-08-06 11:07 AM
1466,24,0.01,53,0.0,0.0,2024-08-06 11:08 AM
1465,-12,0.04,-24,0.05,0.05,2024-08-06 11:09 AM
1464,11,-0.04,18,-0.05,-0.05,2024-08-06 11:10 AM
1463,-12,-0.38,-19,-0.38,-0.37,2024-08-06 11:11 AM
1462,19,-0.06,18,-0.06,-0.07,2024-08-06 11:12 AM
1461,-52,-0.07,0,-0.06,-0.06,2024-08-06 11:13 AM
1460,-8,0.06,75,0.06,0.06,2024-08-06 11:14 AM
1459,31,-0.14,-122,-0.14,-0.14,2024-08-06 11:15 AM
1458,-31,-0.37,31,-0.36,-0.36,2024-08-06 11:16 AM
1457,22,0.01,8,0.01,0.0,2024-08-06 11:17 AM
1456,-22,0.3,6,0.29,0.3,2024-08-06 11:18 AM
1455,34,0.14,-23,0.14,0.14,2024-08-06 11:19 AM
1454,0,-0.13,8,-0.12,-0.12,2024-08-06 11:20 AM
1453,-34,-0.17,10,-0.17,-0.17,2024-08-06 11:21 AM
1452,0,-0.19,-21,-0.2,-0.2,2024-08-06 11:22 AM
1451,39,0.12,20,0.11,0.12,2024-08-06 11:23 AM
1450,8,0.29,60,0.31,0.29,2024-08-06 11:24 AM
1449,-47,-0.27,-70,-0.27,-0.27,2024-08-06 11:25 AM
1448,39,-0.02,-10,-0.03,-0.02,2024-08-06 11:26 AM
1447,-39,0.15,15,0.16,0.16,2024-08-06 11:27 AM
1446,23,-0.25,4,-0.26,-0.26,2024-08-06 11:28 AM
1445,30,-0.32,29,-0.31,-0.31,2024-08-06 11:29 AM
1444,14,-0.35,-14,-0.35,-0.35,2024-08-06 11:30 AM
1443,0,0.17,10,0.18,0.17,2024-08-06 11:31 AM
1442,4,-0.06,-5,-0.06,-0.06,2024-08-06 11:32 AM
1441,47,0.4,9,0.38,0.39,2024-08-06 11:33 AM
1440,-27,0.05,-49,0.06,0.05,2024-08-06 11:34 AM
1439,-18,0.05,70,0.04,0.05,2024-08-06 11:35 AM
1438,-6,-0.2,-35,-0.19,-0.2,2024-08-06 11:36 AM
1437,-9,0.25,35,0.24,0.25,2024-08-06 11:37 AM
1436,11,0.0,-21,0.02,0.01,2024-08-06 11:38 AM
1435,-16,-0.16,22,-0.17,-0.16,2024-08-06 11:39 AM
1434,0,0.15,9,0.14,0.14,2024-08-06 11:40 AM
1433,20,0.03,-31,0.03,0.03,2024-08-06 11:41 AM
1432,-73,0.12,-10,0.12,0.12,2024-08-06 11:42 AM
1431,62,-0.19,-38,-0.18,-0.18,2024-08-06 11:43 AM
1430,0,0.04,56,0.03,0.03,2024-08-06 11:44 AM
1429,6,0.1,-13,0.11,0.11,2024-08-06 11:45 AM
1428,-7,0.08,7,0.07,0.07,2024-08-06 11:46 AM
1427,-8,-0.15,-16,-0.14,-0.14,2024-08-06 11:47 AM
1426,24,0.19,54,0.18,0.18,2024-08-06 11:48 AM
1425,-32,0.02,-50,0.03,0.02,2024-08-06 11:49 AM
1424,35,0.38,9,0.37,0.38,2024-08-06 11:50 AM
1423,-23,0.09,-57,0.09,0.09,2024-08-06 11:51 AM
1422,0,-0.02,50,-0.02,-0.02,2024-08-06 11:52 AM
1421,-13,0.12,-35,0.11,0.11,2024-08-06 11:53 AM
1420,-4,0.23,4,0.23,0.24,2024-08-06 11:54 AM
1419,-40,-0.16,18,-0.15,-0.16,2024-08-06 11:55 AM
1418,0,0.13,-6,0.12,0.13,2024-08-06 11:56 AM
1417,1,0.07,0,0.06,0.06,2024-08-06 11:57 AM
1416,40,-0.05,-32,-0.04,-0.04,2024-08-06 11:58 AM
1415,-1,-0.22,32,-0.22,-0.23,2024-08-06 11:59 AM
1414,8,0.29,3,0.29,0.3,2024-08-06 12:00 PM
1413,-39,0.08,0,0.08,0.07,2024-08-06 12:01 PM
1412,25,0.1,5,0.07,0.09,2024-08-06 12:02 PM
1411,22,-0.04,-10,-0.03,-0.04,2024-08-06 12:03 PM
1410,-24,-0.09,14,-0.1,-0.09,2024-08-06 12:04 PM
1409,-20,-0.04,-23,-0.02,-0.03,2024-08-06 12:05 PM
1408,-4,0.06,11,0.07,0.07,2024-08-06 12:06 PM
1407,26,0.13,-6,0.11,0.12,2024-08-06 12:07 PM
1406,-9,-0.2,7,-0.19,-0.2,2024-08-06 12:08 PM
1405,15,-0.01,-1,-0.01,-0.01,2024-08-06 12:09 PM
1404,-6,-0.03,-2,-0.03,-0.03,2024-08-06 12:10 PM
1403,-17,0.02,-38,0.02,0.02,2024-08-06 12:11 PM
1402,-4,0.15,24,0.16,0.15,2024-08-06 12:12 PM
1401,31,0.01,10,-0.01,0.0,2024-08-06 12:13 PM
1400,1,-0.07,-25,-0.06,-0.06,2024-08-06 12:14 PM
1399,-34,0.13,30,0.13,0.13,2024-08-06 12:15 PM
1398,31,0.23,-15,0.22,0.22,2024-08-06 12:16 PM
1397,-41,0.05,-2,0.06,0.06,2024-08-06 12:17 PM
1396,50,0.03,-12,0.03,0.03,2024-08-06 12:18 PM
1395,-13,-0.15,5,-0.15,-0.15,2024-08-06 12:19 PM
1394,29,0.05,-14,0.05,0.05,2024-08-06 12:20 PM
1393,-29,-0.04,33,-0.04,-0.04,2024-08-06 12:21 PM
1392,-26,-0.12,4,-0.11,-0.11,2024-08-06 12:22 PM
1391,23,-0.13,12,-0.14,-0.14,2024-08-06 12:23 PM
1390,114,-0.05,-26,-0.07,-0.06,2024-08-06 12:24 PM
1389,-49,0.05,4,0.04,0.05,2024-08-06 12:25 PM
1388,136,-0.28,149,-0.32,-0.31,2024-08-06 12:26 PM
1387,-207,0.0,133,0.01,0.01,2024-08-06 12:27 PM
1386,-14,0.02,-30,0.0,0.01,2024-08-06 12:28 PM
1385,78,-0.01,-210,0.0,-0.01,2024-08-06 12:29 PM
1384,40,0.09,-38,0.09,0.09,2024-08-06 12:30 PM
1383,33,-0.03,89,-0.07,-0.05,2024-08-06 12:31 PM
1382,-72,0.17,539,0.17,0.18,2024-08-06 12:32 PM
1381,-86,-0.02,-418,0.01,-0.01,2024-08-06 12:33 PM
1380,174,0.02,-111,0.02,0.02,2024-08-06 12:34 PM
1379,-161,-0.05,-36,-0.03,-0.04,2024-08-06 12:35 PM
1378,11,-0.13,150,-0.14,-0.13,2024-08-06 12:36 PM
1377,-5,-0.05,220,-0.08,-0.07,2024-08-06 12:37 PM
1376,363,-0.03,-143,-0.02,-0.02,2024-08-06 12:38 PM
1375,-322,0.04,-224,0.01,0.02,2024-08-06 12:39 PM
1374,-50,0.07,-89,0.13,0.1,2024-08-06 12:40 PM
1373,23,0.07,230,0.02,0.04,2024-08-06 12:41 PM
1372,-21,0.06,369,0.06,0.07,2024-08-06 12:42 PM
1371,1094,0.04,-494,0.04,0.04,2024-08-06 12:43 PM
1370,-42,0.02,-88,0.02,0.01,2024-08-06 12:44 PM
1369,-910,-0.15,-6,-0.13,-0.14,2024-08-06 12:45 PM
1368,104,0.14,301,0.11,0.13,2024-08-06 12:46 PM
1367,747,0.11,-193,0.08,0.09,2024-08-06 12:47 PM
1366,-191,-0.12,-105,-0.07,-0.09,2024-08-06 12:48 PM
1365,-360,0.04,218,0.02,0.03,2024-08-06 12:49 PM
1364,-209,-0.12,81,-0.13,-0.12,2024-08-06 12:50 PM
1363,32,0.09,-297,0.13,0.1,2024-08-06 12:51 PM
1362,29,0.07,234,0.04,0.06,2024-08-06 12:52 PM
1361,-295,0.46,-220,0.44,0.45,2024-08-06 12:53 PM
1360,11,0.06,-22,0.15,0.1,2024-08-06 12:54 PM
1359,-20,0.12,-2,0.15,0.14,2024-08-06 12:55 PM
1358,9,0.02,1,0.03,0.02,2024-08-06 12:56 PM
1357,23,0.02,17,0.02,0.03,2024-08-06 12:57 PM
1356,-4,0.12,-14,0.11,0.11,2024-08-06 12:58 PM
1355,-24,-0.12,5,-0.11,-0.11,2024-08-06 12:59 PM
1354,37,-0.1,24,-0.1,-0.1,2024-08-06 01:00 PM
1353,-51,-0.05,-23,-0.04,-0.05,2024-08-06 01:01 PM
1352,21,0.21,795,0.08,0.14,2024-08-06 01:02 PM
1351,491,0.14,-809,0.17,0.16,2024-08-06 01:03 PM
1350,-484,-0.04,595,-0.03,-0.04,2024-08-06 01:04 PM
1349,12,-0.06,-536,-0.01,-0.03,2024-08-06 01:05 PM
1348,490,-0.13,-24,-0.17,-0.15,2024-08-06 01:06 PM
1347,-509,0.13,14,0.16,0.15,2024-08-06 01:07 PM
1346,515,-0.18,66,-0.26,-0.23,2024-08-06 01:08 PM
1345,-517,0.09,394,0.12,0.11,2024-08-06 01:09 PM
1344,1,-0.03,-477,-0.02,-0.03,2024-08-06 01:10 PM
1343,15,-0.13,-2,-0.12,-0.12,2024-08-06 01:11 PM
1342,-16,0.04,485,-0.01,0.02,2024-08-06 01:12 PM
1341,-4,0.12,-525,0.16,0.14,2024-08-06 01:13 PM
1340,40,-0.04,431,-0.06,-0.05,2024-08-06 01:14 PM
1339,6,-0.04,344,-0.07,-0.06,2024-08-06 01:15 PM
1338,-28,-0.1,-270,-0.01,-0.05,2024-08-06 01:16 PM
1337,4,0.08,-466,0.02,0.05,2024-08-06 01:17 PM
1336,0,0.0,-3,0.02,0.0,2024-08-06 01:18 PM
1335,33,-0.12,318,-0.14,-0.12,2024-08-06 01:19 PM
1334,-9,-0.01,-54,0.01,0.0,2024-08-06 01:20 PM
1333,-60,0.19,-277,0.21,0.19,2024-08-06 01:21 PM
1332,18,-0.19,-13,-0.22,-0.2,2024-08-06 01:22 PM
1331,0,-0.04,27,-0.04,-0.04,2024-08-06 01:23 PM
1330,263,0.12,45,0.14,0.13,2024-08-06 01:24 PM
1329,46,-0.13,108,-0.14,-0.13,2024-08-06 01:25 PM
1328,-321,0.2,69,0.18,0.19,2024-08-06 01:26 PM
1327,18,-0.2,-207,-0.13,-0.17,2024-08-06 01:27 PM
1326,-4,0.1,-46,0.14,0.12,2024-08-06 01:28 PM
1325,-2,0.1,50,0.09,0.1,2024-08-06 01:29 PM
1324,31,0.06,-16,0.06,0.06,2024-08-06 01:30 PM
1323,-26,0.07,-1,0.07,0.07,2024-08-06 01:31 PM
1322,-14,-0.14,-30,-0.16,-0.15,2024-08-06 01:32 PM
1321,19,0.16,9,0.17,0.16,2024-08-06 01:33 PM
1320,23,0.03,18,0.04,0.03,2024-08-06 01:34 PM
1319,-36,-0.1,-26,-0.1,-0.09,2024-08-06 01:35 PM
1318,-5,0.03,13,0.0,0.01,2024-08-06 01:36 PM
1317,16,0.06,-14,0.1,0.08,2024-08-06 01:37 PM
1316,21,0.12,50,0.11,0.11,2024-08-06 01:38 PM
1315,-41,-0.01,-11,-0.01,-0.01,2024-08-06 01:39 PM
1314,22,-0.07,-27,-0.08,-0.07,2024-08-06 01:40 PM
1313,8,-0.07,12,-0.05,-0.06,2024-08-06 01:41 PM
1312,-18,0.01,7,0.01,0.01,2024-08-06 01:42 PM
1311,10,-0.21,3,-0.22,-0.22,2024-08-06 01:43 PM
1310,-18,-0.08,-37,-0.07,-0.07,2024-08-06 01:44 PM
1309,35,0.01,0,0.01,0.01,2024-08-06 01:45 PM
1308,-27,-0.27,12,-0.27,-0.27,2024-08-06 01:46 PM
1307,23,0.21,-12,0.2,0.21,2024-08-06 01:47 PM
1306,-6,0.04,33,0.05,0.04,2024-08-06 01:48 PM
1305,7,0.09,-30,0.1,0.09,2024-08-06 01:49 PM
1304,-36,0.06,34,0.04,0.06,2024-08-06 01:50 PM
1303,43,-0.05,12,-0.05,-0.06,2024-08-06 01:51 PM
1302,-4,0.1,5,0.1,0.1,2024-08-06 01:52 PM
1301,130,-0.04,4,-0.04,-0.04,2024-08-06 01:53 PM
1300,-12,0.15,-3,0.15,0.16,2024-08-06 01:54 PM
1299,-111,0.08,-18,0.07,0.07,2024-08-06 01:55 PM
1298,-4,0.04,-7,0.06,0.05,2024-08-06 01:56 PM
1297,-2,0.16,16,0.14,0.15,2024-08-06 01:57 PM
1296,-28,0.0,-10,0.01,0.0,2024-08-06 01:58 PM
1295,2,-0.18,-9,-0.17,-0.17,2024-08-06 01:59 PM
1294,49,-0.14,-11,-0.15,-0.15,2024-08-06 02:00 PM
1293,-46,-0.14,17,-0.14,-0.13,2024-08-06 02:01 PM
1292,35,-0.05,-16,-0.05,-0.06,2024-08-06 02:02 PM
1291,118,0.12,12,0.13,0.13,2024-08-06 02:03 PM
1290,-142,-0.21,1,-0.21,-0.21,2024-08-06 02:04 PM
1289,12,0.01,-4,0.0,0.0,2024-08-06 02:05 PM
1288,-28,-0.12,-14,-0.11,-0.11,2024-08-06 02:06 PM
1287,-19,0.03,22,0.03,0.03,2024-08-06 02:07 PM
1286,30,-0.23,-2,-0.23,-0.23,2024-08-06 02:08 PM
1285,-11,0.06,-13,0.06,0.06,2024-08-06 02:09 PM
1284,19,0.02,26,0.02,0.02,2024-08-06 02:10 PM
1283,22,0.23,-11,0.22,0.23,2024-08-06 02:11 PM
1282,-24,-0.03,-5,-0.02,-0.03,2024-08-06 02:12 PM
1281,6,0.04,-1,0.04,0.04,2024-08-06 02:13 PM
1280,-5,-0.17,7,-0.17,-0.17,2024-08-06 02:14 PM
1279,1,0.01,111,0.01,0.01,2024-08-06 02:15 PM
1278,-14,0.18,-134,0.18,0.18,2024-08-06 02:16 PM
1277,36,0.13,6,0.12,0.13,2024-08-06 02:17 PM
1276,-23,0.1,-6,0.1,0.09,2024-08-06 02:18 PM
1275,18,0.16,0,0.16,0.17,2024-08-06 02:19 PM
1274,-20,0.05,25,0.05,0.05,2024-08-06 02:20 PM
1273,-6,0.0,-25,0.0,0.0,2024-08-06 02:21 PM
1272,-3,0.32,10,0.31,0.31,2024-08-06 02:22 PM
1271,-17,0.01,-28,0.02,0.01,2024-08-06 02:23 PM
1270,-2,0.06,18,0.06,0.06,2024-08-06 02:24 PM
1269,12,0.01,0,0.01,0.01,2024-08-06 02:25 PM
1268,13,0.06,0,0.06,0.06,2024-08-06 02:26 PM
1267,5,-0.05,7,-0.06,-0.05,2024-08-06 02:27 PM
1266,-30,-0.04,123,-0.03,-0.04,2024-08-06 02:28 PM
1265,22,0.04,-130,0.03,0.04,2024-08-06 02:29 PM
1264,-29,0.13,21,0.14,0.13,2024-08-06 02:30 PM
1263,19,-0.17,-40,-0.17,-0.17,2024-08-06 02:31 PM
1262,30,0.15,27,0.15,0.16,2024-08-06 02:32 PM
1261,-25,0.02,-8,0.02,0.01,2024-08-06 02:33 PM
1260,-17,0.15,0,0.16,0.16,2024-08-06 02:34 PM
1259,44,0.19,10,0.17,0.18,2024-08-06 02:35 PM
1258,-10,0.03,-10,0.04,0.04,2024-08-06 02:36 PM
1257,-15,0.11,1,0.12,0.11,2024-08-06 02:37 PM
1256,34,-0.09,-1,-0.11,-0.1,2024-08-06 02:38 PM
1255,-31,0.07,18,0.06,0.06,2024-08-06 02:39 PM
1254,0,-0.11,-18,-0.1,-0.1,2024-08-06 02:40 PM
1253,12,-0.14,0,-0.13,-0.13,2024-08-06 02:41 PM
1252,-12,-0.03,30,-0.05,-0.05,2024-08-06 02:42 PM
1251,6,0.15,-30,0.17,0.16,2024-08-06 02:43 PM
1250,3,-0.02,0,-0.02,-0.01,2024-08-06 02:44 PM
1249,-9,0.04,60,0.03,0.03,2024-08-06 02:45 PM
1248,3,-0.07,-60,-0.07,-0.07,2024-08-06 02:46 PM
1247,3,0.01,12,0.02,0.01,2024-08-06 02:47 PM
1246,31,0.18,-2,0.17,0.18,2024-08-06 02:48 PM
1245,-26,0.03,-10,0.04,0.03,2024-08-06 02:49 PM
1244,-26,-0.07,0,-0.07,-0.07,2024-08-06 02:50 PM
1243,5,0.04,0,0.05,0.05,2024-08-06 02:51 PM
1242,22,-0.16,0,-0.17,-0.16,2024-08-06 02:52 PM
1241,-4,0.11,21,0.11,0.1,2024-08-06 02:53 PM
1240,14,0.04,17,0.03,0.04,2024-08-06 02:54 PM
1239,12,-0.01,195,-0.04,-0.03,2024-08-06 02:55 PM
1238,-44,-0.16,-212,-0.11,-0.13,2024-08-06 02:56 PM
1237,21,-0.16,-21,-0.17,-0.16,2024-08-06 02:57 PM
1236,-21,-0.15,23,-0.15,-0.15,2024-08-06 02:58 PM
1235,17,-0.32,3,-0.32,-0.33,2024-08-06 02:59 PM
1234,-10,-0.5,-45,-0.49,-0.49,2024-08-06 03:00 PM
1233,-10,-0.04,19,-0.04,-0.04,2024-08-06 03:01 PM
1232,-9,-0.21,12,-0.21,-0.21,2024-08-06 03:02 PM
1231,33,-0.21,155,-0.21,-0.21,2024-08-06 03:03 PM
1230,-40,-0.42,-156,-0.4,-0.41,2024-08-06 03:04 PM
1229,239,-0.07,5,-0.08,-0.07,2024-08-06 03:05 PM
1228,-190,-0.05,25,-0.07,-0.07,2024-08-06 03:06 PM
1227,-7,0.02,89,0.02,0.02,2024-08-06 03:07 PM
1226,-5,-0.31,-120,-0.28,-0.29,2024-08-06 03:08 PM
1225,74,0.13,5,0.11,0.12,2024-08-06 03:09 PM
1224,-52,0.19,7,0.19,0.19,2024-08-06 03:10 PM
1223,136,0.08,13,0.09,0.09,2024-08-06 03:11 PM
1222,-157,-0.12,-5,-0.12,-0.13,2024-08-06 03:12 PM
1221,152,0.26,-4,0.25,0.26,2024-08-06 03:13 PM
1220,-143,-0.19,-6,-0.19,-0.19,2024-08-06 03:14 PM
1219,152,0.05,-8,0.05,0.05,2024-08-06 03:15 PM
1218,-132,-0.06,35,-0.06,-0.06,2024-08-06 03:16 PM
1217,-24,-0.39,-12,-0.38,-0.39,2024-08-06 03:17 PM
1216,56,0.12,-10,0.12,0.13,2024-08-06 03:18 PM
1215,-69,0.09,-12,0.1,0.09,2024-08-06 03:19 PM
1214,-2,0.07,-13,0.09,0.08,2024-08-06 03:20 PM
1213,10,0.27,0,0.23,0.25,2024-08-06 03:21 PM
1212,-4,0.19,3,0.22,0.2,2024-08-06 03:22 PM
1211,-2,0.26,-3,0.22,0.25,2024-08-06 03:23 PM
1210,2,0.04,-11,0.06,0.05,2024-08-06 03:24 PM
1209,173,0.27,177,0.25,0.26,2024-08-06 03:25 PM
1208,58,-0.06,-152,-0.06,-0.06,2024-08-06 03:26 PM
1207,-227,-0.04,9,-0.03,-0.04,2024-08-06 03:27 PM
1206,229,-0.14,213,-0.14,-0.14,2024-08-06 03:28 PM
1205,-233,-0.1,-224,-0.1,-0.1,2024-08-06 03:29 PM
1204,5,-0.13,68,-0.12,-0.13,2024-08-06 03:30 PM
1203,11,0.01,-80,-0.01,0.0,2024-08-06 03:31 PM
1202,149,0.07,32,0.07,0.08,2024-08-06 03:32 PM
1201,-167,-0.21,-44,-0.21,-0.21,2024-08-06 03:33 PM
1200,19,0.15,50,0.15,0.14,2024-08-06 03:34 PM
1199,-36,-0.01,-50,0.0,0.0,2024-08-06 03:35 PM
1198,23,-0.06,110,-0.06,-0.06,2024-08-06 03:36 PM
1197,-16,-0.13,-110,-0.12,-0.12,2024-08-06 03:37 PM
1196,11,0.1,32,0.09,0.09,2024-08-06 03:38 PM
1195,5,-0.04,-32,-0.04,-0.04,2024-08-06 03:39 PM
1194,-31,-0.19,12,-0.16,-0.17,2024-08-06 03:40 PM
1193,15,0.14,0,0.15,0.14,2024-08-06 03:41 PM
1192,20,-0.24,6,-0.27,-0.26,2024-08-06 03:42 PM
1191,-10,-0.02,-6,-0.01,-0.01,2024-08-06 03:43 PM
1190,34,0.0,169,-0.02,-0.01,2024-08-06 03:44 PM
1189,500,-0.18,275,-0.31,-0.24,2024-08-06 03:45 PM
1188,-528,0.04,-417,0.18,0.1,2024-08-06 03:46 PM
1187,12,-0.43,74,-0.43,-0.43,2024-08-06 03:47 PM
1186,43,-0.33,-101,-0.34,-0.33,2024-08-06 03:48 PM
1185,-30,0.13,-19,0.16,0.15,2024-08-06 03:49 PM
1184,10,-0.16,62,-0.21,-0.19,2024-08-06 03:50 PM
1183,-34,0.36,-34,0.35,0.36,2024-08-06 03:51 PM
1182,-14,-0.66,16,-0.61,-0.64,2024-08-06 03:52 PM
1181,9,-0.24,9,-0.25,-0.25,2024-08-06 03:53 PM
1180,157,0.16,36,0.15,0.16,2024-08-06 03:54 PM
1179,-127,-0.32,-63,-0.33,-0.33,2024-08-06 03:55 PM
1178,-10,-0.21,27,-0.19,-0.19,2024-08-06 03:56 PM
1177,95,0.07,34,0.07,0.07,2024-08-06 03:57 PM
1176,-71,-0.26,-80,-0.24,-0.25,2024-08-06 03:58 PM
1175,-20,-0.08,61,-0.1,-0.09,2024-08-06 03:59 PM
1174,11,-0.1,-19,-0.06,-0.09,2024-08-06 04:00 PM
1173,-70,-6.02,-50,-6.01,-6.01,2024-08-07 09:30 AM
1172,20,9.12,20,9.03,9.07,2024-08-07 09:31 AM
1171,-19,0.09,17,0.09,0.09,2024-08-07 09:32 AM
1170,30,-0.11,-7,-0.12,-0.11,2024-08-07 09:33 AM
1169,-29,-0.04,-28,-0.02,-0.03,2024-08-07 09:34 AM
1168,92,0.18,20,0.18,0.18,2024-08-07 09:35 AM
1167,-74,0.19,9,0.18,0.18,2024-08-07 09:36 AM
1166,-11,0.13,-23,0.14,0.14,2024-08-07 09:37 AM
1165,33,0.57,0,0.56,0.57,2024-08-07 09:38 AM
1164,-13,-0.16,-6,-0.16,-0.16,2024-08-07 09:39 AM
1163,-27,-0.08,36,-0.08,-0.08,2024-08-07 09:40 AM
1162,36,-0.1,-18,-0.1,-0.11,2024-08-07 09:41 AM
1161,-36,0.09,0,0.1,0.1,2024-08-07 09:42 AM
1160,18,-0.18,0,-0.18,-0.18,2024-08-07 09:43 AM
1159,13,0.44,-18,0.44,0.44,2024-08-07 09:44 AM
1158,-13,-0.11,33,-0.12,-0.12,2024-08-07 09:45 AM
1157,-6,0.19,-34,0.18,0.19,2024-08-07 09:46 AM
1156,6,0.01,26,0.03,0.02,2024-08-07 09:47 AM
1155,-19,-0.36,7,-0.37,-0.37,2024-08-07 09:48 AM
1154,34,0.48,-32,0.47,0.48,2024-08-07 09:49 AM
1153,-9,-0.13,37,-0.12,-0.12,2024-08-07 09:50 AM
1152,4,0.17,-19,0.17,0.17,2024-08-07 09:51 AM
1151,0,-0.22,0,-0.22,-0.23,2024-08-07 09:52 AM
1150,6,0.14,-19,0.15,0.15,2024-08-07 09:53 AM
1149,-16,-0.03,0,-0.05,-0.04,2024-08-07 09:54 AM
1148,22,0.11,0,0.13,0.12,2024-08-07 09:55 AM
1147,-32,-0.3,1,-0.28,-0.29,2024-08-07 09:56 AM
1146,32,0.35,18,0.32,0.33,2024-08-07 09:57 AM
1145,-40,0.13,0,0.13,0.14,2024-08-07 09:58 AM
1144,129,-0.07,-19,-0.07,-0.07,2024-08-07 09:59 AM
1143,-129,0.42,19,0.41,0.41,2024-08-07 10:00 AM
1142,18,0.38,0,0.39,0.39,2024-08-07 10:01 AM
1141,0,-0.02,0,-0.03,-0.03,2024-08-07 10:02 AM
1140,0,-0.13,-18,-0.12,-0.12,2024-08-07 10:03 AM
1139,5,-0.22,-1,-0.21,-0.22,2024-08-07 10:04 AM
1138,-17,-0.62,39,-0.61,-0.61,2024-08-07 10:05 AM
1137,0,-0.09,-20,-0.11,-0.1,2024-08-07 10:06 AM
1136,12,0.41,-12,0.42,0.41,2024-08-07 10:07 AM
1135,-18,-0.05,-6,-0.05,-0.05,2024-08-07 10:08 AM
1134,0,0.16,18,0.15,0.16,2024-08-07 10:09 AM
1133,0,0.23,11,0.23,0.23,2024-08-07 10:10 AM
1132,18,-0.01,-11,0.0,-0.01,2024-08-07 10:11 AM
1131,0,-0.3,-18,-0.3,-0.3,2024-08-07 10:12 AM
1130,-18,0.11,-1,0.11,0.11,2024-08-07 10:13 AM
1129,6,-0.13,1,-0.14,-0.13,2024-08-07 10:14 AM
1128,30,-0.26,0,-0.25,-0.26,2024-08-07 10:15 AM
1127,-30,0.23,18,0.24,0.23,2024-08-07 10:16 AM
1126,12,-0.34,15,-0.36,-0.35,2024-08-07 10:17 AM
1125,-18,-0.3,-15,-0.29,-0.29,2024-08-07 10:18 AM
1124,18,-0.46,-11,-0.46,-0.46,2024-08-07 10:19 AM
1123,0,-0.05,11,-0.05,-0.05,2024-08-07 10:20 AM
1122,0,0.4,7,0.4,0.4,2024-08-07 10:21 AM
1121,-18,0.05,-7,0.05,0.05,2024-08-07 10:22 AM
1120,3,0.23,11,0.22,0.23,2024-08-07 10:23 AM
1119,-3,-0.18,-21,-0.15,-0.17,2024-08-07 10:24 AM
1118,6,-0.04,10,-0.05,-0.05,2024-08-07 10:25 AM
1117,2,-0.15,-10,-0.17,-0.16,2024-08-07 10:26 AM
1116,-9,-0.4,-8,-0.38,-0.38,2024-08-07 10:27 AM
1115,7,0.18,0,0.18,0.18,2024-08-07 10:28 AM
1114,10,-0.38,-1,-0.39,-0.39,2024-08-07 10:29 AM
1113,-5,0.08,33,0.08,0.08,2024-08-07 10:30 AM
1112,7,0.06,-24,0.06,0.06,2024-08-07 10:31 AM
1111,-6,-0.05,0,-0.04,-0.05,2024-08-07 10:32 AM
1110,-6,0.37,20,0.36,0.37,2024-08-07 10:33 AM
1109,-6,-0.05,-3,-0.04,-0.05,2024-08-07 10:34 AM
1108,6,-0.14,-7,-0.15,-0.14,2024-08-07 10:35 AM
1107,-7,0.02,-10,0.03,0.03,2024-08-07 10:36 AM
1106,14,-0.03,-8,-0.03,-0.04,2024-08-07 10:37 AM
1105,-13,0.27,0,0.27,0.27,2024-08-07 10:38 AM
1104,-1,-0.13,45,-0.13,-0.12,2024-08-07 10:39 AM
1103,2,-0.37,-39,-0.36,-0.37,2024-08-07 10:40 AM
1102,-2,0.17,12,0.13,0.15,2024-08-07 10:41 AM
1101,9,0.07,-18,0.1,0.08,2024-08-07 10:42 AM
1100,-9,0.16,40,0.16,0.16,2024-08-07 10:43 AM
1099,19,0.19,-12,0.18,0.19,2024-08-07 10:44 AM
1098,-17,0.42,-10,0.43,0.43,2024-08-07 10:45 AM
1097,24,0.39,0,0.38,0.38,2024-08-07 10:46 AM
1096,-25,-0.03,0,-0.03,-0.03,2024-08-07 10:47 AM
1095,0,0.21,0,0.21,0.21,2024-08-07 10:48 AM
1094,18,-0.12,0,-0.12,-0.12,2024-08-07 10:49 AM
1093,-12,-0.05,0,-0.05,-0.05,2024-08-07 10:50 AM
1092,84,0.02,-9,0.01,0.02,2024-08-07 10:51 AM
1091,-90,0.08,30,0.09,0.08,2024-08-07 10:52 AM
1090,66,-0.16,-21,-0.16,-0.16,2024-08-07 10:53 AM
1089,-48,-0.08,0,-0.08,-0.08,2024-08-07 10:54 AM
1088,-10,-0.17,-19,-0.17,-0.17,2024-08-07 10:55 AM
1087,70,0.13,19,0.12,0.12,2024-08-07 10:56 AM
1086,-78,-0.13,0,-0.12,-0.12,2024-08-07 10:57 AM
1085,18,0.2,0,0.2,0.2,2024-08-07 10:58 AM
1084,0,0.04,0,0.05,0.04,2024-08-07 10:59 AM
1083,24,-0.08,0,-0.09,-0.08,2024-08-07 11:00 AM
1082,-24,0.14,0,0.14,0.14,2024-08-07 11:01 AM
1081,22,-0.37,10,-0.37,-0.37,2024-08-07 11:02 AM
1080,0,0.13,-28,0.14,0.13,2024-08-07 11:03 AM
1079,-4,0.25,0,0.24,0.25,2024-08-07 11:04 AM
1078,-18,0.16,18,0.16,0.16,2024-08-07 11:05 AM
1077,-18,0.13,25,0.12,0.13,2024-08-07 11:06 AM
1076,18,-0.27,-43,-0.26,-0.27,2024-08-07 11:07 AM
1075,10,0.2,18,0.2,0.2,2024-08-07 11:08 AM
1074,-28,-0.01,24,-0.01,-0.01,2024-08-07 11:09 AM
1073,18,-0.14,-24,-0.14,-0.14,2024-08-07 11:10 AM
1072,0,-0.17,7,-0.17,-0.17,2024-08-07 11:11 AM
1071,0,-0.25,-7,-0.25,-0.25,2024-08-07 11:12 AM
1070,-18,0.01,-12,0.01,0.01,2024-08-07 11:13 AM
1069,18,-0.23,-6,-0.22,-0.23,2024-08-07 11:14 AM
1068,0,-0.05,18,-0.05,-0.04,2024-08-07 11:15 AM
1067,0,0.04,1,0.03,0.03,2024-08-07 11:16 AM
1066,-18,-0.38,8,-0.37,-0.37,2024-08-07 11:17 AM
1065,5,0.05,1,0.04,0.04,2024-08-07 11:18 AM
1064,13,-0.29,1,-0.28,-0.28,2024-08-07 11:19 AM
1063,0,0.23,-30,0.22,0.22,2024-08-07 11:20 AM
1062,-10,-0.03,19,0.0,-0.01,2024-08-07 11:21 AM
1061,10,0.18,0,0.16,0.16,2024-08-07 11:22 AM
1060,-19,-0.17,-19,-0.17,-0.16,2024-08-07 11:23 AM
1059,19,0.15,19,0.14,0.14,2024-08-07 11:24 AM
1058,19,-0.21,-18,-0.21,-0.21,2024-08-07 11:25 AM
1057,-37,-0.07,0,-0.06,-0.06,2024-08-07 11:26 AM
1056,0,0.1,18,0.1,0.09,2024-08-07 11:27 AM
1055,18,0.01,-10,0.01,0.01,2024-08-07 11:28 AM
1054,0,0.18,-9,0.17,0.18,2024-08-07 11:29 AM
1053,10,-0.04,38,-0.04,-0.04,2024-08-07 11:30 AM
1052,6,0.14,-37,0.14,0.14,2024-08-07 11:31 AM
1051,18,0.0,18,0.0,0.0,2024-08-07 11:32 AM
1050,-24,0.0,0,0.01,0.01,2024-08-07 11:33 AM
1049,6,-0.12,-18,-0.13,-0.13,2024-08-07 11:34 AM
1048,-11,0.01,28,0.0,0.0,2024-08-07 11:35 AM
1047,14,0.16,-10,0.17,0.17,2024-08-07 11:36 AM
1046,-19,0.04,-18,0.04,0.04,2024-08-07 11:37 AM
1045,16,-0.07,0,-0.07,-0.07,2024-08-07 11:38 AM
1044,44,-0.04,8,-0.04,-0.04,2024-08-07 11:39 AM
1043,-30,-0.09,4,-0.09,-0.09,2024-08-07 11:40 AM
1042,1,-0.27,33,-0.27,-0.27,2024-08-07 11:41 AM
1041,-23,0.07,-46,0.07,0.07,2024-08-07 11:42 AM
1040,120,0.13,0,0.13,0.13,2024-08-07 11:43 AM
1039,-123,-0.14,1,-0.13,-0.13,2024-08-07 11:44 AM
1038,25,-0.76,18,-0.76,-0.76,2024-08-07 11:45 AM
1037,-49,-0.42,20,-0.4,-0.41,2024-08-07 11:46 AM
1036,9,0.09,-20,0.07,0.08,2024-08-07 11:47 AM
1035,26,0.0,-19,0.01,0.0,2024-08-07 11:48 AM
1034,-6,-0.18,1,-0.19,-0.19,2024-08-07 11:49 AM
1033,-7,0.11,-1,0.12,0.12,2024-08-07 11:50 AM
1032,3,-0.06,20,-0.07,-0.07,2024-08-07 11:51 AM
1031,18,0.24,-20,0.24,0.24,2024-08-07 11:52 AM
1030,-42,-0.05,25,-0.05,-0.04,2024-08-07 11:53 AM
1029,42,0.28,-25,0.28,0.28,2024-08-07 11:54 AM
1028,-24,-0.17,19,-0.17,-0.17,2024-08-07 11:55 AM
1027,2,-0.05,-18,-0.05,-0.06,2024-08-07 11:56 AM
1026,13,0.02,28,0.02,0.02,2024-08-07 11:57 AM
1025,17,0.11,12,0.11,0.12,2024-08-07 11:58 AM
1024,28,0.04,-40,0.04,0.03,2024-08-07 11:59 AM
1023,-14,-0.09,98,-0.09,-0.09,2024-08-07 12:00 PM
1022,76,-0.14,-98,-0.14,-0.13,2024-08-07 12:01 PM
1021,-102,-0.14,-1,-0.12,-0.13,2024-08-07 12:02 PM
1020,-19,-0.28,60,-0.29,-0.29,2024-08-07 12:03 PM
1019,120,-0.47,-60,-0.48,-0.47,2024-08-07 12:04 PM
1018,-68,-0.1,99,-0.09,-0.1,2024-08-07 12:05 PM
1017,67,0.18,100,0.16,0.17,2024-08-07 12:06 PM
1016,-65,0.13,-50,0.15,0.14,2024-08-07 12:07 PM
1015,142,0.03,-29,0.02,0.02,2024-08-07 12:08 PM
1014,-198,0.05,17,0.05,0.05,2024-08-07 12:09 PM
1013,86,-0.16,-97,-0.15,-0.15,2024-08-07 12:10 PM
1012,120,0.0,99,0.0,0.0,2024-08-07 12:11 PM
1011,-103,0.11,-40,0.11,0.11,2024-08-07 12:12 PM
1010,-22,0.07,-21,0.07,0.07,2024-08-07 12:13 PM
1009,0,0.09,21,0.08,0.08,2024-08-07 12:14 PM
1008,-40,0.21,-38,0.21,0.21,2024-08-07 12:15 PM
1007,22,-0.11,-22,-0.11,-0.1,2024-08-07 12:16 PM
1006,-30,0.02,21,0.02,0.01,2024-08-07 12:17 PM
1005,-41,-0.13,-60,-0.14,-0.13,2024-08-07 12:18 PM
1004,126,0.08,39,0.09,0.08,2024-08-07 12:19 PM
1003,-132,-0.01,-38,0.01,0.0,2024-08-07 12:20 PM
1002,76,0.32,65,0.3,0.31,2024-08-07 12:21 PM
1001,8,0.15,-7,0.15,0.16,2024-08-07 12:22 PM
1000,-21,-0.03,-21,-0.03,-0.04,2024-08-07 12:23 PM
999,-66,0.03,1,0.03,0.04,2024-08-07 12:24 PM
998,78,0.07,45,0.06,0.06,2024-08-07 12:25 PM
997,-28,-0.23,-25,-0.21,-0.22,2024-08-07 12:26 PM
996,33,0.03,0,0.02,0.02,2024-08-07 12:27 PM
995,2,0.12,22,0.12,0.13,2024-08-07 12:28 PM
994,-27,0.03,-15,0.03,0.02,2024-08-07 12:29 PM
993,-8,-0.07,-5,-0.06,-0.06,2024-08-07 12:30 PM
992,66,-0.06,38,-0.07,-0.06,2024-08-07 12:31 PM
991,-33,-0.14,36,-0.14,-0.14,2024-08-07 12:32 PM
990,-16,0.03,-36,0.03,0.02,2024-08-07 12:33 PM
989,31,0.1,-99,0.09,0.1,2024-08-07 12:34 PM
988,34,0.12,72,0.13,0.13,2024-08-07 12:35 PM
987,0,-0.09,-14,-0.09,-0.09,2024-08-07 12:36 PM
986,-44,0.1,-19,0.1,0.09,2024-08-07 12:37 PM
985,10,-0.39,30,-0.39,-0.39,2024-08-07 12:38 PM
984,-19,0.1,-60,0.11,0.11,2024-08-07 12:39 PM
983,-21,-0.11,3,-0.1,-0.1,2024-08-07 12:40 PM
982,-34,0.18,47,0.18,0.18,2024-08-07 12:41 PM
981,95,-0.08,63,-0.09,-0.09,2024-08-07 12:42 PM
980,-21,-0.25,-21,-0.25,-0.25,2024-08-07 12:43 PM
979,19,-0.25,10,-0.25,-0.25,2024-08-07 12:44 PM
978,-2,-0.19,6,-0.18,-0.19,2024-08-07 12:45 PM
977,-115,0.1,3,0.09,0.1,2024-08-07 12:46 PM
976,115,-0.19,94,-0.18,-0.19,2024-08-07 12:47 PM
975,106,-0.22,-115,-0.23,-0.22,2024-08-07 12:48 PM
974,-11,-0.04,27,-0.04,-0.04,2024-08-07 12:49 PM
973,-20,-0.01,87,-0.01,-0.01,2024-08-07 12:50 PM
972,-174,-0.24,-114,-0.22,-0.23,2024-08-07 12:51 PM
971,101,0.18,25,0.17,0.17,2024-08-07 12:52 PM
970,93,-0.17,-4,-0.17,-0.17,2024-08-07 12:53 PM
969,-160,-0.05,-29,-0.03,-0.03,2024-08-07 12:54 PM
968,5,0.06,25,0.06,0.06,2024-08-07 12:55 PM
967,72,0.19,-116,0.17,0.18,2024-08-07 12:56 PM
966,-29,-0.02,128,-0.02,-0.03,2024-08-07 12:57 PM
965,152,0.02,-12,0.02,0.03,2024-08-07 12:58 PM
964,-34,-0.2,-116,-0.19,-0.2,2024-08-07 12:59 PM
963,-178,-0.05,99,-0.04,-0.04,2024-08-07 01:00 PM
962,217,0.17,20,0.15,0.16,2024-08-07 01:01 PM
961,-237,-0.08,-115,-0.15,-0.12,2024-08-07 01:02 PM
960,127,-0.45,96,-0.38,-0.42,2024-08-07 01:03 PM
959,-47,0.25,27,0.26,0.26,2024-08-07 01:04 PM
958,0,-0.09,-25,-0.09,-0.09,2024-08-07 01:05 PM
957,13,-0.05,-94,-0.04,-0.04,2024-08-07 01:06 PM
956,1,0.18,103,0.17,0.17,2024-08-07 01:07 PM
955,-14,-0.02,-3,-0.02,-0.02,2024-08-07 01:08 PM
954,0,-0.18,-58,-0.17,-0.17,2024-08-07 01:09 PM
953,-78,-0.38,-12,-0.38,-0.38,2024-08-07 01:10 PM
952,-20,0.02,122,0.01,0.01,2024-08-07 01:11 PM
951,108,-0.31,-8,-0.31,-0.31,2024-08-07 01:12 PM
950,-10,-0.05,-53,-0.04,-0.04,2024-08-07 01:13 PM
949,28,0.14,34,0.13,0.13,2024-08-07 01:14 PM
948,-56,0.0,-34,0.01,0.0,2024-08-07 01:15 PM
947,2,-0.07,0,-0.07,-0.06,2024-08-07 01:16 PM
946,-72,-0.05,18,-0.05,-0.06,2024-08-07 01:17 PM
945,118,-0.2,-93,-0.2,-0.19,2024-08-07 01:18 PM
944,-80,-0.18,6,-0.18,-0.19,2024-08-07 01:19 PM
943,60,0.16,126,0.15,0.16,2024-08-07 01:20 PM
942,-19,0.22,-133,0.24,0.23,2024-08-07 01:21 PM
941,19,0.04,176,0.02,0.03,2024-08-07 01:22 PM
940,-90,0.05,-50,0.06,0.05,2024-08-07 01:23 PM
939,0,0.17,-20,0.17,0.17,2024-08-07 01:24 PM
938,58,0.04,-30,0.04,0.05,2024-08-07 01:25 PM
937,32,0.24,0,0.26,0.24,2024-08-07 01:26 PM
936,23,0.02,-24,0.0,0.02,2024-08-07 01:27 PM
935,-23,-0.19,-23,-0.19,-0.2,2024-08-07 01:28 PM
934,10,-0.16,47,-0.16,-0.15,2024-08-07 01:29 PM
933,-70,-0.09,50,-0.09,-0.1,2024-08-07 01:30 PM
932,248,0.18,-30,0.17,0.18,2024-08-07 01:31 PM
931,-178,0.1,-20,0.11,0.11,2024-08-07 01:32 PM
930,17,-0.14,9,-0.14,-0.15,2024-08-07 01:33 PM
929,0,-0.08,-99,-0.08,-0.08,2024-08-07 01:34 PM
928,-75,0.29,-1,0.29,0.3,2024-08-07 01:35 PM
927,-21,-0.01,91,-0.01,-0.01,2024-08-07 01:36 PM
926,-2,-0.05,0,-0.04,-0.05,2024-08-07 01:37 PM
925,2,0.22,-60,0.22,0.22,2024-08-07 01:38 PM
924,3,0.03,60,0.02,0.02,2024-08-07 01:39 PM
923,98,-0.19,50,-0.2,-0.19,2024-08-07 01:40 PM
922,0,0.02,-50,0.03,0.03,2024-08-07 01:41 PM
921,-131,-0.24,0,-0.24,-0.25,2024-08-07 01:42 PM
920,19,-0.04,21,-0.05,-0.04,2024-08-07 01:43 PM
919,-10,0.02,160,0.02,0.02,2024-08-07 01:44 PM
918,90,-0.08,-161,-0.08,-0.08,2024-08-07 01:45 PM
917,17,0.01,10,0.02,0.01,2024-08-07 01:46 PM
916,-17,-0.16,-76,-0.17,-0.16,2024-08-07 01:47 PM
915,-99,-0.31,-29,-0.3,-0.31,2024-08-07 01:48 PM
914,99,-0.19,-15,-0.19,-0.19,2024-08-07 01:49 PM
913,-99,-0.01,19,0.0,0.0,2024-08-07 01:50 PM
912,1,0.13,31,0.11,0.12,2024-08-07 01:51 PM
911,6,-0.1,40,-0.09,-0.1,2024-08-07 01:52 PM
910,79,-0.17,-99,-0.18,-0.17,2024-08-07 01:53 PM
909,-75,0.06,100,0.07,0.07,2024-08-07 01:54 PM
908,3,0.08,-1,0.07,0.07,2024-08-07 01:55 PM
907,118,-0.11,-88,-0.11,-0.11,2024-08-07 01:56 PM
906,-79,-0.1,0,-0.1,-0.1,2024-08-07 01:57 PM
905,-42,-0.04,-11,-0.02,-0.03,2024-08-07 01:58 PM
904,0,-0.04,12,-0.05,-0.04,2024-08-07 01:59 PM
903,222,0.17,20,0.15,0.15,2024-08-07 02:00 PM
902,-183,-0.01,10,0.0,0.0,2024-08-07 02:01 PM
901,-39,-0.05,-24,-0.04,-0.04,2024-08-07 02:02 PM
900,33,0.0,78,-0.01,-0.01,2024-08-07 02:03 PM
899,13,-0.09,-93,-0.07,-0.08,2024-08-07 02:04 PM
898,31,-0.01,43,-0.02,-0.01,2024-08-07 02:05 PM
897,58,-0.09,-45,-0.1,-0.1,2024-08-07 02:06 PM
896,-25,0.06,11,0.07,0.06,2024-08-07 02:07 PM
895,-91,-0.31,-12,-0.3,-0.3,2024-08-07 02:08 PM
894,82,0.23,12,0.21,0.22,2024-08-07 02:09 PM
893,-100,-0.15,277,-0.15,-0.15,2024-08-07 02:10 PM
892,87,-0.06,-277,-0.05,-0.05,2024-08-07 02:11 PM
891,-86,-0.13,43,-0.13,-0.14,2024-08-07 02:12 PM
890,17,-0.01,-36,-0.01,-0.01,2024-08-07 02:13 PM
889,83,-0.07,-6,-0.08,-0.07,2024-08-07 02:14 PM
888,-99,-0.13,26,-0.12,-0.12,2024-08-07 02:15 PM
887,85,-0.06,-12,-0.06,-0.06,2024-08-07 02:16 PM
886,0,-0.04,72,-0.05,-0.05,2024-08-07 02:17 PM
885,37,0.17,12,0.17,0.17,2024-08-07 02:18 PM
884,59,-0.26,-72,-0.26,-0.26,2024-08-07 02:19 PM
883,-65,0.12,21,0.12,0.12,2024-08-07 02:20 PM
882,-46,0.02,-5,0.03,0.02,2024-08-07 02:21 PM
881,43,0.12,86,0.11,0.12,2024-08-07 02:22 PM
880,-126,-0.07,-27,-0.06,-0.06,2024-08-07 02:23 PM
879,153,0.12,39,0.11,0.11,2024-08-07 02:24 PM
878,-115,-0.09,-140,-0.07,-0.08,2024-08-07 02:25 PM
877,-12,0.29,86,0.28,0.28,2024-08-07 02:26 PM
876,137,0.03,-5,0.01,0.03,2024-08-07 02:27 PM
875,-141,-0.19,5,-0.17,-0.18,2024-08-07 02:28 PM
874,134,0.0,-24,-0.01,-0.01,2024-08-07 02:29 PM
873,-122,0.0,24,0.01,0.01,2024-08-07 02:30 PM
872,-12,-0.05,-56,-0.05,-0.06,2024-08-07 02:31 PM
871,69,-0.17,-4,-0.17,-0.16,2024-08-07 02:32 PM
870,37,-0.11,95,-0.12,-0.12,2024-08-07 02:33 PM
869,-99,-0.03,-40,-0.03,-0.03,2024-08-07 02:34 PM
868,-16,0.04,62,0.05,0.05,2024-08-07 02:35 PM
867,0,0.02,-22,0.03,0.02,2024-08-07 02:36 PM
866,77,-0.04,-134,-0.05,-0.05,2024-08-07 02:37 PM
865,203,0.11,14,0.11,0.12,2024-08-07 02:38 PM
864,-195,-0.1,25,-0.1,-0.1,2024-08-07 02:39 PM
863,27,0.09,56,0.09,0.09,2024-08-07 02:40 PM
862,-112,0.14,39,0.14,0.13,2024-08-07 02:41 PM
861,-1,0.04,-21,0.04,0.05,2024-08-07 02:42 PM
860,0,-0.06,17,-0.07,-0.07,2024-08-07 02:43 PM
859,45,-0.16,-116,-0.14,-0.15,2024-08-07 02:44 PM
858,-19,0.0,0,-0.01,-0.01,2024-08-07 02:45 PM
857,-15,0.03,4,0.03,0.04,2024-08-07 02:46 PM
856,-10,0.08,-4,0.08,0.07,2024-08-07 02:47 PM
855,-13,-0.4,1,-0.4,-0.39,2024-08-07 02:48 PM
854,163,-0.06,48,-0.07,-0.07,2024-08-07 02:49 PM
853,15,0.17,36,0.16,0.17,2024-08-07 02:50 PM
852,-27,-0.01,-40,0.0,-0.01,2024-08-07 02:51 PM
851,-129,-0.21,116,-0.21,-0.21,2024-08-07 02:52 PM
850,25,0.09,-149,0.1,0.09,2024-08-07 02:53 PM
849,-18,0.11,40,0.1,0.11,2024-08-07 02:54 PM
848,11,-0.1,158,-0.1,-0.1,2024-08-07 02:55 PM
847,-36,0.16,-210,0.18,0.17,2024-08-07 02:56 PM
846,9,-0.04,-13,-0.05,-0.05,2024-08-07 02:57 PM
845,-9,-0.01,13,0.0,0.0,2024-08-07 02:58 PM
844,14,0.07,0,0.07,0.07,2024-08-07 02:59 PM
843,20,-0.14,64,-0.16,-0.15,2024-08-07 03:00 PM
842,149,0.0,-60,0.0,0.0,2024-08-07 03:01 PM
841,-161,0.07,160,0.07,0.07,2024-08-07 03:02 PM
840,-27,0.42,-126,0.43,0.42,2024-08-07 03:03 PM
839,116,0.16,-40,0.15,0.16,2024-08-07 03:04 PM
838,-105,0.17,90,0.17,0.17,2024-08-07 03:05 PM
837,0,0.01,-101,0.02,0.01,2024-08-07 03:06 PM
836,-11,0.02,1,0.02,0.02,2024-08-07 03:07 PM
835,27,-0.29,97,-0.3,-0.29,2024-08-07 03:08 PM
834,8,0.2,-87,0.21,0.2,2024-08-07 03:09 PM
833,-23,-0.12,3,-0.12,-0.11,2024-08-07 03:10 PM
832,41,0.12,99,0.11,0.11,2024-08-07 03:11 PM
831,-42,0.05,-103,0.06,0.06,2024-08-07 03:12 PM
830,4,-0.05,0,-0.05,-0.06,2024-08-07 03:13 PM
829,63,-0.24,1,-0.25,-0.24,2024-08-07 03:14 PM
828,-7,-0.03,66,-0.04,-0.03,2024-08-07 03:15 PM
827,-59,0.15,-66,0.17,0.16,2024-08-07 03:16 PM
826,62,-0.08,0,-0.09,-0.09,2024-08-07 03:17 PM
825,-62,0.14,0,0.15,0.14,2024-08-07 03:18 PM
824,56,0.06,-1,0.06,0.06,2024-08-07 03:19 PM
823,95,0.05,0,0.04,0.05,2024-08-07 03:20 PM
822,-66,0.26,0,0.27,0.27,2024-08-07 03:21 PM
821,-45,-0.36,3,-0.37,-0.37,2024-08-07 03:22 PM
820,-17,-0.06,116,-0.05,-0.05,2024-08-07 03:23 PM
819,-11,-0.06,-116,-0.06,-0.07,2024-08-07 03:24 PM
818,75,0.07,24,0.05,0.07,2024-08-07 03:25 PM
817,2,-0.05,-24,-0.04,-0.05,2024-08-07 03:26 PM
816,-54,-0.06,33,-0.06,-0.06,2024-08-07 03:27 PM
815,-43,-0.12,-47,-0.11,-0.12,2024-08-07 03:28 PM
814,23,0.15,15,0.15,0.15,2024-08-07 03:29 PM
813,-5,0.08,-1,0.08,0.08,2024-08-07 03:30 PM
812,7,-0.16,1,-0.17,-0.16,2024-08-07 03:31 PM
811,-4,-0.04,55,-0.03,-0.03,2024-08-07 03:32 PM
810,16,0.29,-56,0.29,0.28,2024-08-07 03:33 PM
809,-31,-0.01,101,-0.02,-0.01,2024-08-07 03:34 PM
808,39,-0.17,-97,-0.17,-0.17,2024-08-07 03:35 PM
807,7,0.03,1,0.03,0.03,2024-08-07 03:36 PM
806,-54,0.18,2,0.2,0.19,2024-08-07 03:37 PM
805,11,0.04,-2,0.03,0.04,2024-08-07 03:38 PM
804,26,-0.14,7,-0.15,-0.15,2024-08-07 03:39 PM
803,-2,-0.09,-8,-0.09,-0.09,2024-08-07 03:40 PM
802,-11,-0.14,49,-0.14,-0.14,2024-08-07 03:41 PM
801,-11,0.13,71,0.13,0.13,2024-08-07 03:42 PM
800,116,-0.13,-34,-0.14,-0.14,2024-08-07 03:43 PM
799,-101,-0.09,-40,-0.08,-0.08,2024-08-07 03:44 PM
798,45,0.02,68,0.01,0.02,2024-08-07 03:45 PM
797,-60,0.01,-117,0.03,0.02,2024-08-07 03:46 PM
796,13,0.25,133,0.23,0.24,2024-08-07 03:47 PM
795,40,-0.08,-133,-0.07,-0.08,2024-08-07 03:48 PM
794,-54,0.02,0,0.03,0.02,2024-08-07 03:49 PM
793,2,0.0,-15,-0.03,-0.01,2024-08-07 03:50 PM
792,83,-0.44,90,-0.44,-0.44,2024-08-07 03:51 PM
791,-26,-0.12,-86,-0.11,-0.12,2024-08-07 03:52 PM
790,-57,0.03,86,0.04,0.04,2024-08-07 03:53 PM
789,5,-0.02,-27,-0.03,-0.03,2024-08-07 03:54 PM
788,-4,-0.28,64,-0.29,-0.28,2024-08-07 03:55 PM
787,130,-0.17,-125,-0.16,-0.16,2024-08-07 03:56 PM
786,-128,-0.06,158,-0.05,-0.06,2024-08-07 03:57 PM
785,8,0.02,-159,0.03,0.02,2024-08-07 03:58 PM
784,-23,-0.02,24,-0.03,-0.02,2024-08-07 03:59 PM
783,-4,0.08,10,0.07,0.08,2024-08-07 04:00 PM
782,-1,-3.75,-36,-3.7,-3.73,2024-08-08 09:30 AM
781,50,5.58,1,5.53,5.55,2024-08-08 09:31 AM
780,29,-0.24,99,-0.24,-0.24,2024-08-08 09:32 AM
779,-78,-0.19,155,-0.19,-0.19,2024-08-08 09:33 AM
778,130,0.04,-155,0.04,0.05,2024-08-08 09:34 AM
777,235,0.23,-99,0.23,0.22,2024-08-08 09:35 AM
776,-249,0.08,120,0.08,0.08,2024-08-08 09:36 AM
775,-4,0.1,-9,0.11,0.11,2024-08-08 09:37 AM
774,-13,-0.51,-12,-0.51,-0.51,2024-08-08 09:38 AM
773,0,0.19,0,0.19,0.19,2024-08-08 09:39 AM
772,18,-0.02,24,-0.03,-0.03,2024-08-08 09:40 AM
771,-21,-0.21,-24,-0.2,-0.2,2024-08-08 09:41 AM
770,-58,0.32,124,0.32,0.32,2024-08-08 09:42 AM
769,-38,0.09,-124,0.1,0.1,2024-08-08 09:43 AM
768,99,-0.06,0,-0.07,-0.07,2024-08-08 09:44 AM
767,-55,-0.41,-29,-0.4,-0.41,2024-08-08 09:45 AM
766,55,0.24,29,0.23,0.24,2024-08-08 09:46 AM
765,-60,0.09,0,0.09,0.09,2024-08-08 09:47 AM
764,0,-0.53,24,-0.51,-0.52,2024-08-08 09:48 AM
763,113,-0.25,-24,-0.26,-0.25,2024-08-08 09:49 AM
762,-67,0.14,37,0.13,0.13,2024-08-08 09:50 AM
761,-49,0.02,-105,0.03,0.03,2024-08-08 09:51 AM
760,-22,0.18,5,0.18,0.18,2024-08-08 09:52 AM
759,48,0.46,28,0.45,0.45,2024-08-08 09:53 AM
758,37,0.16,-25,0.18,0.17,2024-08-08 09:54 AM
757,-76,0.35,60,0.33,0.34,2024-08-08 09:55 AM
756,21,0.05,-99,0.05,0.05,2024-08-08 09:56 AM
755,55,-0.12,39,-0.14,-0.13,2024-08-08 09:57 AM
754,-98,0.03,60,0.04,0.04,2024-08-08 09:58 AM
753,188,0.08,0,0.09,0.08,2024-08-08 09:59 AM
752,-188,0.34,-1,0.33,0.34,2024-08-08 10:00 AM
751,-1,0.18,-73,0.16,0.17,2024-08-08 10:01 AM
750,39,0.04,86,0.04,0.04,2024-08-08 10:02 AM
749,12,0.44,-60,0.45,0.44,2024-08-08 10:03 AM
748,74,0.05,-50,0.03,0.04,2024-08-08 10:04 AM
747,-66,-0.01,0,0.01,0.0,2024-08-08 10:05 AM
746,-58,-0.19,10,-0.19,-0.19,2024-08-08 10:06 AM
745,83,-0.17,-10,-0.16,-0.17,2024-08-08 10:07 AM
744,-45,0.01,63,0.0,0.01,2024-08-08 10:08 AM
743,49,-0.03,-13,-0.03,-0.03,2024-08-08 10:09 AM
742,-64,0.26,65,0.25,0.26,2024-08-08 10:10 AM
741,27,-0.02,-115,0.0,-0.01,2024-08-08 10:11 AM
740,-12,-0.35,-1,-0.36,-0.36,2024-08-08 10:12 AM
739,44,0.4,0,0.41,0.4,2024-08-08 10:13 AM
738,-3,0.07,124,0.05,0.07,2024-08-08 10:14 AM
737,28,0.04,-73,0.05,0.04,2024-08-08 10:15 AM
736,-69,0.03,48,0.02,0.03,2024-08-08 10:16 AM
735,26,0.35,-98,0.36,0.35,2024-08-08 10:17 AM
734,-56,0.12,4,0.12,0.12,2024-08-08 10:18 AM
733,10,-0.37,-4,-0.36,-0.37,2024-08-08 10:19 AM
732,75,-0.02,103,-0.04,-0.02,2024-08-08 10:20 AM
731,-38,-0.18,18,-0.18,-0.19,2024-08-08 10:21 AM
730,-45,0.03,-83,0.04,0.04,2024-08-08 10:22 AM
729,14,0.19,3,0.17,0.18,2024-08-08 10:23 AM
728,-8,-0.09,57,-0.07,-0.08,2024-08-08 10:24 AM
727,22,0.35,-98,0.35,0.35,2024-08-08 10:25 AM
726,110,0.18,138,0.16,0.17,2024-08-08 10:26 AM
725,-110,0.23,-138,0.25,0.24,2024-08-08 10:27 AM
724,-28,-0.06,58,-0.07,-0.07,2024-08-08 10:28 AM
723,53,0.17,-20,0.17,0.17,2024-08-08 10:29 AM
722,-63,0.15,60,0.14,0.15,2024-08-08 10:30 AM
721,0,-0.05,-60,-0.04,-0.04,2024-08-08 10:31 AM
720,38,-0.21,60,-0.21,-0.22,2024-08-08 10:32 AM
719,60,-0.04,41,-0.05,-0.04,2024-08-08 10:33 AM
718,0,-0.06,-41,-0.05,-0.06,2024-08-08 10:34 AM
717,-60,0.18,23,0.18,0.18,2024-08-08 10:35 AM
716,-24,0.02,-63,0.03,0.03,2024-08-08 10:36 AM
715,-14,0.23,-13,0.22,0.22,2024-08-08 10:37 AM
714,158,-0.03,81,-0.04,-0.03,2024-08-08 10:38 AM
713,-132,0.11,-10,0.12,0.11,2024-08-08 10:39 AM
712,12,-0.24,-40,-0.24,-0.23,2024-08-08 10:40 AM
711,0,0.11,50,0.1,0.1,2024-08-08 10:41 AM
710,60,0.01,-127,0.04,0.03,2024-08-08 10:42 AM
709,-99,-0.38,59,-0.39,-0.39,2024-08-08 10:43 AM
708,1,0.12,40,0.11,0.12,2024-08-08 10:44 AM
707,94,-0.26,0,-0.26,-0.27,2024-08-08 10:45 AM
706,14,0.04,0,0.05,0.05,2024-08-08 10:46 AM
705,9,0.37,20,0.36,0.37,2024-08-08 10:47 AM
704,-59,0.1,-20,0.11,0.1,2024-08-08 10:48 AM
703,-56,0.06,-40,0.08,0.07,2024-08-08 10:49 AM
702,-2,0.24,106,0.21,0.22,2024-08-08 10:50 AM
701,98,-0.07,-66,-0.06,-0.06,2024-08-08 10:51 AM
700,-60,-0.1,0,-0.11,-0.11,2024-08-08 10:52 AM
699,80,0.16,0,0.16,0.16,2024-08-08 10:53 AM
698,-118,-0.26,29,-0.26,-0.26,2024-08-08 10:54 AM
697,0,-0.06,-69,-0.05,-0.05,2024-08-08 10:55 AM
696,116,-0.03,78,-0.04,-0.03,2024-08-08 10:56 AM
695,-18,-0.03,-14,-0.03,-0.04,2024-08-08 10:57 AM
694,28,0.16,-122,0.17,0.17,2024-08-08 10:58 AM
693,-127,0.03,126,0.03,0.03,2024-08-08 10:59 AM
692,127,0.12,-3,0.09,0.1,2024-08-08 11:00 AM
691,-28,-0.23,44,-0.21,-0.22,2024-08-08 11:01 AM
690,0,-0.15,-167,-0.14,-0.14,2024-08-08 11:02 AM
689,0,0.14,80,0.14,0.14,2024-08-08 11:03 AM
688,24,0.06,18,0.05,0.05,2024-08-08 11:04 AM
687,4,0.05,28,0.05,0.06,2024-08-08 11:05 AM
686,-126,0.1,-28,0.1,0.1,2024-08-08 11:06 AM
685,108,-0.14,-40,-0.14,-0.15,2024-08-08 11:07 AM
684,-10,-0.12,50,-0.11,-0.11,2024-08-08 11:08 AM
683,22,0.05,-108,0.04,0.04,2024-08-08 11:09 AM
682,-22,0.1,122,0.1,0.11,2024-08-08 11:10 AM
681,-98,-0.32,-2,-0.31,-0.32,2024-08-08 11:11 AM
680,0,-0.39,4,-0.39,-0.39,2024-08-08 11:12 AM
679,-1,-0.14,-125,-0.13,-0.13,2024-08-08 11:13 AM
678,121,0.07,120,0.06,0.06,2024-08-08 11:14 AM
677,-11,-0.17,-112,-0.17,-0.17,2024-08-08 11:15 AM
676,-11,0.15,84,0.16,0.15,2024-08-08 11:16 AM
675,0,-0.19,7,-0.19,-0.18,2024-08-08 11:17 AM
674,0,0.05,-45,0.05,0.05,2024-08-08 11:18 AM
673,-99,0.11,-53,0.11,0.11,2024-08-08 11:19 AM
672,39,-0.14,25,-0.15,-0.15,2024-08-08 11:20 AM
671,0,0.38,13,0.38,0.38,2024-08-08 11:21 AM
670,96,0.03,93,0.02,0.03,2024-08-08 11:22 AM
669,-76,0.16,-72,0.17,0.16,2024-08-08 11:23 AM
668,0,0.2,39,0.2,0.2,2024-08-08 11:24 AM
667,-58,0.15,0,0.14,0.14,2024-08-08 11:25 AM
666,0,0.04,-40,0.05,0.05,2024-08-08 11:26 AM
665,0,0.18,40,0.17,0.18,2024-08-08 11:27 AM
664,122,0.08,0,0.07,0.07,2024-08-08 11:28 AM
663,-24,-0.05,-98,-0.04,-0.05,2024-08-08 11:29 AM
662,-99,-0.39,0,-0.38,-0.38,2024-08-08 11:30 AM
661,121,0.16,0,0.14,0.15,2024-08-08 11:31 AM
660,-121,0.14,59,0.16,0.15,2024-08-08 11:32 AM
659,99,0.07,39,0.06,0.07,2024-08-08 11:33 AM
658,-60,-0.26,0,-0.26,-0.26,2024-08-08 11:34 AM
657,60,0.03,-60,0.04,0.03,2024-08-08 11:35 AM
656,-98,-0.01,60,-0.02,-0.01,2024-08-08 11:36 AM
655,0,-0.2,0,-0.2,-0.21,2024-08-08 11:37 AM
654,0,-0.07,0,-0.06,-0.06,2024-08-08 11:38 AM
653,151,0.02,-60,0.01,0.02,2024-08-08 11:39 AM
652,-53,-0.04,60,-0.03,-0.04,2024-08-08 11:40 AM
651,-3,-0.24,-98,-0.24,-0.24,2024-08-08 11:41 AM
650,53,0.02,98,0.02,0.02,2024-08-08 11:42 AM
649,-50,0.13,0,0.12,0.13,2024-08-08 11:43 AM
648,-60,-0.07,0,-0.05,-0.06,2024-08-08 11:44 AM
647,0,0.03,0,0.02,0.02,2024-08-08 11:45 AM
646,32,-0.06,-98,-0.06,-0.06,2024-08-08 11:46 AM
645,28,-0.1,107,-0.1,-0.1,2024-08-08 11:47 AM
644,-98,0.11,-107,0.11,0.11,2024-08-08 11:48 AM
643,98,-0.05,0,-0.04,-0.04,2024-08-08 11:49 AM
642,0,-0.2,72,-0.21,-0.21,2024-08-08 11:50 AM
641,0,0.36,26,0.36,0.36,2024-08-08 11:51 AM
640,-25,0.0,0,-0.01,-0.01,2024-08-08 11:52 AM
639,25,0.06,30,0.07,0.07,2024-08-08 11:53 AM
638,29,0.1,-128,0.09,0.09,2024-08-08 11:54 AM
637,-5,0.04,38,0.04,0.05,2024-08-08 11:55 AM
636,-24,0.0,-38,0.01,0.0,2024-08-08 11:56 AM
635,0,-0.12,0,-0.12,-0.12,2024-08-08 11:57 AM
634,-98,0.11,118,0.11,0.11,2024-08-08 11:58 AM
633,98,0.08,-10,0.07,0.08,2024-08-08 11:59 AM
632,69,-0.17,-10,-0.17,-0.17,2024-08-08 12:00 PM
631,-64,0.02,-98,0.03,0.02,2024-08-08 12:01 PM
630,16,0.08,0,0.08,0.08,2024-08-08 12:02 PM
629,20,0.12,-1,0.11,0.11,2024-08-08 12:03 PM
628,-31,0.2,39,0.2,0.21,2024-08-08 12:04 PM
627,14,0.17,-38,0.16,0.16,2024-08-08 12:05 PM
626,-84,0.35,98,0.37,0.36,2024-08-08 12:06 PM
625,-38,-0.01,62,-0.02,-0.01,2024-08-08 12:07 PM
624,98,-0.01,-40,-0.01,-0.01,2024-08-08 12:08 PM
623,48,0.0,-10,-0.01,-0.01,2024-08-08 12:09 PM
622,-18,-0.09,-111,-0.06,-0.07,2024-08-08 12:10 PM
621,-30,0.09,131,0.06,0.07,2024-08-08 12:11 PM
620,-98,-0.1,-32,-0.09,-0.09,2024-08-08 12:12 PM
619,38,-0.37,0,-0.38,-0.38,2024-08-08 12:13 PM
618,0,0.02,0,0.03,0.03,2024-08-08 12:14 PM
617,83,0.1,-98,0.1,0.1,2024-08-08 12:15 PM
616,-23,-0.01,189,-0.02,-0.02,2024-08-08 12:16 PM
615,27,-0.18,-189,-0.17,-0.18,2024-08-08 12:17 PM
614,-67,-0.01,58,-0.01,-0.01,2024-08-08 12:18 PM
613,40,0.16,64,0.16,0.16,2024-08-08 12:19 PM
612,-98,0.04,0,0.04,0.05,2024-08-08 12:20 PM
611,98,0.14,-60,0.15,0.14,2024-08-08 12:21 PM
610,-98,0.02,59,0.01,0.01,2024-08-08 12:22 PM
609,0,-0.11,1,-0.11,-0.11,2024-08-08 12:23 PM
608,0,0.03,40,0.02,0.03,2024-08-08 12:24 PM
607,119,0.06,-1,0.06,0.06,2024-08-08 12:25 PM
606,-119,0.08,-27,0.09,0.08,2024-08-08 12:26 PM
605,0,-0.32,-134,-0.32,-0.31,2024-08-08 12:27 PM
604,98,0.06,0,0.06,0.05,2024-08-08 12:28 PM
603,17,0.12,98,0.12,0.13,2024-08-08 12:29 PM
602,0,-0.13,-98,-0.12,-0.13,2024-08-08 12:30 PM
601,5,-0.39,0,-0.4,-0.39,2024-08-08 12:31 PM
600,-22,-0.06,38,-0.06,-0.07,2024-08-08 12:32 PM
599,0,0.12,89,0.12,0.12,2024-08-08 12:33 PM
598,21,-0.19,-29,-0.18,-0.18,2024-08-08 12:34 PM
597,-119,0.01,30,0.01,0.01,2024-08-08 12:35 PM
596,98,0.02,-128,0.02,0.02,2024-08-08 12:36 PM
595,48,-0.23,0,-0.23,-0.23,2024-08-08 12:37 PM
594,-48,-0.17,0,-0.16,-0.16,2024-08-08 12:38 PM
593,0,-0.01,137,-0.02,-0.02,2024-08-08 12:39 PM
592,0,-0.07,-99,-0.07,-0.07,2024-08-08 12:40 PM
591,0,0.05,86,0.05,0.05,2024-08-08 12:41 PM
590,-98,-0.13,49,-0.12,-0.12,2024-08-08 12:42 PM
589,0,-0.06,-39,-0.06,-0.06,2024-08-08 12:43 PM
588,121,0.27,-10,0.25,0.26,2024-08-08 12:44 PM
587,40,0.06,-124,0.07,0.06,2024-08-08 12:45 PM
586,-63,0.1,28,0.1,0.1,2024-08-08 12:46 PM
585,-18,0.11,-20,0.11,0.11,2024-08-08 12:47 PM
584,48,0.03,-8,0.03,0.03,2024-08-08 12:48 PM
583,-128,-0.05,146,-0.05,-0.05,2024-08-08 12:49 PM
582,0,0.23,-108,0.23,0.23,2024-08-08 12:50 PM
581,149,-0.05,60,-0.06,-0.06,2024-08-08 12:51 PM
580,-55,-0.18,0,-0.17,-0.17,2024-08-08 12:52 PM
579,4,0.14,29,0.13,0.13,2024-08-08 12:53 PM
578,-98,0.19,-2,0.19,0.2,2024-08-08 12:54 PM
577,0,0.15,39,0.15,0.15,2024-08-08 12:55 PM
576,124,0.04,-164,0.04,0.03,2024-08-08 12:56 PM
575,-2,-0.17,0,-0.17,-0.17,2024-08-08 12:57 PM
574,-122,-0.06,121,-0.06,-0.06,2024-08-08 12:58 PM
573,98,-0.22,1,-0.22,-0.21,2024-08-08 12:59 PM
572,23,0.12,-122,0.13,0.12,2024-08-08 01:00 PM
571,-3,0.09,98,0.08,0.08,2024-08-08 01:01 PM
570,-100,0.02,-80,-0.07,-0.02,2024-08-08 01:02 PM
569,42,-0.47,80,-0.38,-0.42,2024-08-08 01:03 PM
568,-25,-0.02,-98,-0.01,-0.02,2024-08-08 01:04 PM
567,-35,-0.01,86,-0.01,-0.01,2024-08-08 01:05 PM
566,0,0.05,29,0.05,0.05,2024-08-08 01:06 PM
565,39,-0.32,3,-0.32,-0.32,2024-08-08 01:07 PM
564,-1,0.21,-12,0.21,0.21,2024-08-08 01:08 PM
563,-38,0.15,-26,0.15,0.15,2024-08-08 01:09 PM
562,38,0.24,26,0.23,0.23,2024-08-08 01:10 PM
561,69,-0.05,21,-0.05,-0.04,2024-08-08 01:11 PM
560,-54,0.05,44,0.05,0.04,2024-08-08 01:12 PM
559,65,0.11,-171,0.11,0.12,2024-08-08 01:13 PM
558,-118,0.11,58,0.12,0.11,2024-08-08 01:14 PM
557,88,0.0,0,0.0,0.0,2024-08-08 01:15 PM
556,-6,0.06,-58,0.05,0.06,2024-08-08 01:16 PM
555,16,0.08,122,0.07,0.07,2024-08-08 01:17 PM
554,24,-0.04,-1,-0.04,-0.04,2024-08-08 01:18 PM
553,24,0.12,-121,0.12,0.12,2024-08-08 01:19 PM
552,-146,0.48,0,0.49,0.48,2024-08-08 01:20 PM
551,118,0.13,38,0.12,0.13,2024-08-08 01:21 PM
550,-20,0.06,-39,0.07,0.07,2024-08-08 01:22 PM
549,0,-0.15,39,-0.17,-0.16,2024-08-08 01:23 PM
548,-8,0.04,-38,0.05,0.04,2024-08-08 01:24 PM
547,8,-0.11,-1,-0.11,-0.11,2024-08-08 01:25 PM
546,0,0.0,127,0.0,0.0,2024-08-08 01:26 PM
545,-98,0.29,-43,0.3,0.3,2024-08-08 01:27 PM
544,116,0.05,-83,0.03,0.03,2024-08-08 01:28 PM
543,-18,0.03,98,0.04,0.04,2024-08-08 01:29 PM
542,14,0.33,25,0.32,0.32,2024-08-08 01:30 PM
541,-112,0.04,29,0.04,0.05,2024-08-08 01:31 PM
540,98,-0.06,-83,-0.05,-0.06,2024-08-08 01:32 PM
539,0,0.24,29,0.22,0.23,2024-08-08 01:33 PM
538,6,0.03,-99,0.05,0.04,2024-08-08 01:34 PM
537,-8,-0.11,97,-0.12,-0.12,2024-08-08 01:35 PM
536,-96,-0.28,2,-0.27,-0.27,2024-08-08 01:36 PM
535,152,0.06,-98,0.05,0.06,2024-08-08 01:37 PM
534,-54,0.19,98,0.21,0.2,2024-08-08 01:38 PM
533,53,-0.11,-60,-0.13,-0.13,2024-08-08 01:39 PM
532,-53,0.09,60,0.09,0.1,2024-08-08 01:40 PM
531,0,0.02,0,0.02,0.02,2024-08-08 01:41 PM
530,0,-0.11,-99,-0.11,-0.12,2024-08-08 01:42 PM
529,0,0.01,99,0.01,0.02,2024-08-08 01:43 PM
528,0,0.09,0,0.09,0.09,2024-08-08 01:44 PM
527,-60,-0.12,10,-0.12,-0.13,2024-08-08 01:45 PM
526,60,0.08,-10,0.07,0.08,2024-08-08 01:46 PM
525,0,0.08,0,0.08,0.08,2024-08-08 01:47 PM
524,-98,0.02,0,0.03,0.02,2024-08-08 01:48 PM
523,98,-0.03,31,-0.04,-0.03,2024-08-08 01:49 PM
522,-98,-0.02,-34,0.0,-0.01,2024-08-08 01:50 PM
521,79,0.11,-16,0.11,0.11,2024-08-08 01:51 PM
520,-79,-0.02,0,-0.03,-0.02,2024-08-08 01:52 PM
519,0,-0.15,0,-0.15,-0.16,2024-08-08 01:53 PM
518,98,0.07,19,0.07,0.08,2024-08-08 01:54 PM
517,0,0.05,-98,0.06,0.05,2024-08-08 01:55 PM
516,-98,-0.14,88,-0.14,-0.14,2024-08-08 01:56 PM
515,98,0.06,10,0.07,0.07,2024-08-08 01:57 PM
514,-10,-0.1,-13,-0.12,-0.12,2024-08-08 01:58 PM
513,10,0.01,13,0.02,0.02,2024-08-08 01:59 PM
512,-2,0.09,-98,0.08,0.09,2024-08-08 02:00 PM
511,5,-0.16,0,-0.17,-0.17,2024-08-08 02:01 PM
510,-76,0.15,98,0.16,0.15,2024-08-08 02:02 PM
509,-25,0.05,25,0.05,0.05,2024-08-08 02:03 PM
508,0,0.28,-31,0.27,0.28,2024-08-08 02:04 PM
507,92,0.12,-92,0.12,0.12,2024-08-08 02:05 PM
506,-23,0.13,68,0.11,0.12,2024-08-08 02:06 PM
505,-7,-0.16,-68,-0.14,-0.15,2024-08-08 02:07 PM
504,14,-0.01,0,-0.01,-0.01,2024-08-08 02:08 PM
503,12,0.01,96,0.01,0.01,2024-08-08 02:09 PM
502,10,-0.08,2,-0.07,-0.07,2024-08-08 02:10 PM
501,-98,0.06,16,0.06,0.05,2024-08-08 02:11 PM
500,78,-0.08,-34,-0.08,-0.08,2024-08-08 02:12 PM
499,-78,0.04,10,0.02,0.03,2024-08-08 02:13 PM
498,90,0.07,0,0.09,0.09,2024-08-08 02:14 PM
497,0,0.06,0,0.05,0.05,2024-08-08 02:15 PM
496,-90,0.27,8,0.26,0.27,2024-08-08 02:16 PM
495,0,-0.11,-19,-0.1,-0.11,2024-08-08 02:17 PM
494,0,-0.12,-11,-0.12,-0.12,2024-08-08 02:18 PM
493,65,0.12,0,0.11,0.11,2024-08-08 02:19 PM
492,-65,0.08,23,0.09,0.09,2024-08-08 02:20 PM
491,0,-0.03,7,-0.04,-0.03,2024-08-08 02:21 PM
490,0,-0.18,-14,-0.17,-0.18,2024-08-08 02:22 PM
489,0,0.04,14,0.04,0.04,2024-08-08 02:23 PM
488,0,0.1,34,0.1,0.1,2024-08-08 02:24 PM
487,0,0.04,-34,0.05,0.05,2024-08-08 02:25 PM
486,0,-0.12,0,-0.13,-0.13,2024-08-08 02:26 PM
485,98,-0.2,-98,-0.2,-0.2,2024-08-08 02:27 PM
484,0,-0.57,98,-0.56,-0.57,2024-08-08 02:28 PM
483,-6,0.25,23,0.24,0.25,2024-08-08 02:29 PM
482,-92,0.01,-41,0.02,0.01,2024-08-08 02:30 PM
481,0,0.3,-80,0.29,0.3,2024-08-08 02:31 PM
480,0,0.02,93,0.02,0.02,2024-08-08 02:32 PM
479,80,0.06,-93,0.05,0.06,2024-08-08 02:33 PM
478,8,-0.22,86,-0.21,-0.22,2024-08-08 02:34 PM
477,10,0.15,12,0.15,0.15,2024-08-08 02:35 PM
476,-99,-0.16,0,-0.15,-0.16,2024-08-08 02:36 PM
475,89,0.01,-7,0.01,0.01,2024-08-08 02:37 PM
474,-88,-0.03,10,-0.04,-0.03,2024-08-08 02:38 PM
473,0,-0.02,-23,-0.01,-0.01,2024-08-08 02:39 PM
472,38,-0.28,3,-0.28,-0.29,2024-08-08 02:40 PM
471,-38,-0.27,-19,-0.28,-0.27,2024-08-08 02:41 PM
470,0,0.02,-62,0.03,0.02,2024-08-08 02:42 PM
469,95,-0.13,75,-0.15,-0.14,2024-08-08 02:43 PM
468,-70,0.02,58,0.04,0.04,2024-08-08 02:44 PM
467,64,0.01,-133,0.02,0.01,2024-08-08 02:45 PM
466,-89,0.18,79,0.18,0.18,2024-08-08 02:46 PM
465,0,0.09,-11,0.09,0.09,2024-08-08 02:47 PM
464,80,0.03,12,0.02,0.03,2024-08-08 02:48 PM
463,-80,0.11,-80,0.11,0.11,2024-08-08 02:49 PM
462,72,-0.1,0,-0.11,-0.11,2024-08-08 02:50 PM
461,15,0.15,88,0.16,0.16,2024-08-08 02:51 PM
460,11,-0.23,10,-0.23,-0.23,2024-08-08 02:52 PM
459,-98,-0.03,0,-0.03,-0.04,2024-08-08 02:53 PM
458,98,-0.05,-98,-0.06,-0.05,2024-08-08 02:54 PM
457,0,0.13,0,0.14,0.13,2024-08-08 02:55 PM
456,-98,0.28,98,0.27,0.28,2024-08-08 02:56 PM
455,91,-0.04,-7,-0.04,-0.04,2024-08-08 02:57 PM
454,7,-0.24,-91,-0.23,-0.24,2024-08-08 02:58 PM
453,0,0.02,98,0.01,0.02,2024-08-08 02:59 PM
452,266,0.07,296,-0.11,-0.02,2024-08-08 03:00 PM
451,-133,-0.24,-395,-0.06,-0.15,2024-08-08 03:01 PM
450,-133,0.01,99,0.02,0.02,2024-08-08 03:02 PM
449,-40,-0.32,32,-0.32,-0.32,2024-08-08 03:03 PM
448,40,0.04,-130,0.03,0.03,2024-08-08 03:04 PM
447,0,-0.29,152,-0.28,-0.28,2024-08-08 03:05 PM
446,-98,0.12,-152,0.12,0.11,2024-08-08 03:06 PM
445,98,0.15,98,0.14,0.15,2024-08-08 03:07 PM
444,0,0.07,0,0.08,0.08,2024-08-08 03:08 PM
443,0,0.32,-98,0.32,0.32,2024-08-08 03:09 PM
442,0,0.12,0,0.11,0.11,2024-08-08 03:10 PM
441,0,0.17,98,0.15,0.16,2024-08-08 03:11 PM
440,-99,-0.03,-98,-0.01,-0.02,2024-08-08 03:12 PM
439,99,0.11,93,0.11,0.11,2024-08-08 03:13 PM
438,20,-0.11,-2,-0.11,-0.11,2024-08-08 03:14 PM
437,-118,-0.26,-88,-0.26,-0.26,2024-08-08 03:15 PM
436,98,0.08,-3,0.08,0.08,2024-08-08 03:16 PM
435,-74,-0.19,25,-0.18,-0.19,2024-08-08 03:17 PM
434,64,0.08,-25,0.06,0.07,2024-08-08 03:18 PM
433,25,-0.22,88,-0.21,-0.21,2024-08-08 03:19 PM
432,-15,0.06,10,0.07,0.07,2024-08-08 03:20 PM
431,0,-0.04,18,-0.07,-0.06,2024-08-08 03:21 PM
430,-6,0.08,-28,0.1,0.09,2024-08-08 03:22 PM
429,-92,0.41,10,0.4,0.41,2024-08-08 03:23 PM
428,93,-0.05,-98,-0.05,-0.06,2024-08-08 03:24 PM
427,0,-0.25,129,-0.24,-0.24,2024-08-08 03:25 PM
426,5,0.04,-31,0.04,0.04,2024-08-08 03:26 PM
425,0,-0.1,0,-0.11,-0.11,2024-08-08 03:27 PM
424,-60,0.12,-60,0.11,0.12,2024-08-08 03:28 PM
423,-38,-0.43,-38,-0.4,-0.41,2024-08-08 03:29 PM
422,120,-0.34,98,-0.35,-0.35,2024-08-08 03:30 PM
421,-120,-0.01,0,-0.01,-0.01,2024-08-08 03:31 PM
420,0,-0.1,-94,-0.09,-0.1,2024-08-08 03:32 PM
419,38,-0.15,94,-0.14,-0.14,2024-08-08 03:33 PM
418,71,-0.29,-60,-0.29,-0.29,2024-08-08 03:34 PM
417,-22,0.29,0,0.29,0.29,2024-08-08 03:35 PM
416,-87,-0.41,42,-0.42,-0.41,2024-08-08 03:36 PM
415,38,-0.15,-42,-0.14,-0.15,2024-08-08 03:37 PM
414,60,0.4,0,0.4,0.4,2024-08-08 03:38 PM
413,0,0.28,20,0.26,0.27,2024-08-08 03:39 PM
412,-98,-0.18,39,-0.17,-0.17,2024-08-08 03:40 PM
411,98,0.32,-97,0.31,0.31,2024-08-08 03:41 PM
410,-98,0.26,0,0.26,0.26,2024-08-08 03:42 PM
409,88,0.11,88,0.1,0.1,2024-08-08 03:43 PM
408,10,0.35,10,0.36,0.36,2024-08-08 03:44 PM
407,0,0.22,-40,0.21,0.22,2024-08-08 03:45 PM
406,0,-0.22,40,-0.22,-0.23,2024-08-08 03:46 PM
405,0,-0.12,-60,-0.13,-0.12,2024-08-08 03:47 PM
404,-98,-0.22,0,-0.2,-0.21,2024-08-08 03:48 PM
403,0,0.24,60,0.23,0.23,2024-08-08 03:49 PM
402,0,-0.08,-99,-0.12,-0.09,2024-08-08 03:50 PM
401,191,0.0,59,0.02,0.0,2024-08-08 03:51 PM
400,-153,-0.3,-59,-0.31,-0.3,2024-08-08 03:52 PM
399,60,0.43,99,0.45,0.44,2024-08-08 03:53 PM
398,-98,0.06,0,0.06,0.06,2024-08-08 03:54 PM
397,0,-0.34,0,-0.36,-0.35,2024-08-08 03:55 PM
396,250,-0.22,0,-0.23,-0.23,2024-08-08 03:56 PM
395,-152,-0.22,0,-0.17,-0.19,2024-08-08 03:57 PM
394,-60,0.21,0,0.19,0.2,2024-08-08 03:58 PM
393,-38,0.09,-98,0.09,0.09,2024-08-08 03:59 PM
392,-1,0.72,38,0.6,0.66,2024-08-08 04:00 PM
391,-1,-9.54,-40,-9.3,-9.42,2024-08-09 09:30 AM
390,200,8.34,1,8.22,8.28,2024-08-09 09:31 AM
389,-49,0.39,150,0.39,0.39,2024-08-09 09:32 AM
388,-21,0.01,3,0.02,0.02,2024-08-09 09:33 AM
387,84,-0.45,-54,-0.43,-0.45,2024-08-09 09:34 AM
386,-213,0.28,63,0.26,0.28,2024-08-09 09:35 AM
385,129,-0.18,48,-0.16,-0.17,2024-08-09 09:36 AM
384,-30,0.44,22,0.43,0.43,2024-08-09 09:37 AM
383,125,-0.05,-103,-0.04,-0.05,2024-08-09 09:38 AM
382,-59,0.29,36,0.28,0.29,2024-08-09 09:39 AM
381,-163,0.17,4,0.15,0.16,2024-08-09 09:40 AM
380,230,-0.59,63,-0.57,-0.58,2024-08-09 09:41 AM
379,-83,-0.28,-3,-0.27,-0.28,2024-08-09 09:42 AM
378,56,-0.25,-24,-0.25,-0.25,2024-08-09 09:43 AM
377,24,0.17,24,0.16,0.17,2024-08-09 09:44 AM
376,-187,-0.39,-30,-0.37,-0.38,2024-08-09 09:45 AM
375,117,0.04,-31,0.04,0.04,2024-08-09 09:46 AM
374,15,-0.2,11,-0.22,-0.21,2024-08-09 09:47 AM
373,55,-0.14,50,-0.14,-0.14,2024-08-09 09:48 AM
372,-30,0.38,-200,0.4,0.39,2024-08-09 09:49 AM
371,-70,-0.55,17,-0.55,-0.55,2024-08-09 09:50 AM
370,70,0.15,62,0.15,0.15,2024-08-09 09:51 AM
369,0,-0.03,21,-0.03,-0.03,2024-08-09 09:52 AM
368,30,0.48,0,0.47,0.47,2024-08-09 09:53 AM
367,-77,-0.1,100,-0.11,-0.1,2024-08-09 09:54 AM
366,47,0.31,-30,0.32,0.32,2024-08-09 09:55 AM
365,-95,-0.25,30,-0.24,-0.25,2024-08-09 09:56 AM
364,50,-0.39,0,-0.39,-0.39,2024-08-09 09:57 AM
363,29,0.11,-46,0.11,0.11,2024-08-09 09:58 AM
362,16,0.2,-39,0.2,0.2,2024-08-09 09:59 AM
361,104,0.02,85,-0.11,-0.05,2024-08-09 10:00 AM
360,-74,-0.29,-130,-0.18,-0.23,2024-08-09 10:01 AM
359,-30,0.5,100,0.51,0.51,2024-08-09 10:02 AM
358,-187,0.1,0,0.08,0.09,2024-08-09 10:03 AM
357,137,0.34,-70,0.36,0.35,2024-08-09 10:04 AM
356,-110,0.31,100,0.3,0.3,2024-08-09 10:05 AM
355,160,-0.24,-129,-0.24,-0.24,2024-08-09 10:06 AM
354,0,0.01,-96,0.02,0.02,2024-08-09 10:07 AM
353,-70,0.19,182,0.17,0.17,2024-08-09 10:08 AM
352,63,-0.2,-82,-0.2,-0.2,2024-08-09 10:09 AM
351,-90,-0.03,45,-0.02,-0.02,2024-08-09 10:10 AM
350,-28,0.33,-145,0.35,0.34,2024-08-09 10:11 AM
349,74,0.15,144,0.13,0.14,2024-08-09 10:12 AM
348,-49,0.59,-49,0.59,0.59,2024-08-09 10:13 AM
347,-99,0.32,-98,0.31,0.32,2024-08-09 10:14 AM
346,1,-0.29,85,-0.29,-0.3,2024-08-09 10:15 AM
345,116,-0.06,-13,-0.05,-0.05,2024-08-09 10:16 AM
344,-51,-0.6,0,-0.6,-0.6,2024-08-09 10:17 AM
343,-65,-0.03,-6,-0.03,-0.03,2024-08-09 10:18 AM
342,61,-0.13,5,-0.14,-0.14,2024-08-09 10:19 AM
341,-61,0.08,-10,0.06,0.07,2024-08-09 10:20 AM
340,61,0.09,-36,0.12,0.11,2024-08-09 10:21 AM
339,6,0.2,42,0.19,0.19,2024-08-09 10:22 AM
338,43,0.07,43,0.07,0.08,2024-08-09 10:23 AM
337,-25,-0.31,-37,-0.31,-0.32,2024-08-09 10:24 AM
336,-4,0.07,0,0.07,0.07,2024-08-09 10:25 AM
335,-22,-0.04,0,-0.04,-0.04,2024-08-09 10:26 AM
334,-59,-0.03,-7,-0.04,-0.03,2024-08-09 10:27 AM
333,0,-0.29,7,-0.29,-0.29,2024-08-09 10:28 AM
332,65,0.39,-73,0.4,0.39,2024-08-09 10:29 AM
331,0,-0.22,75,-0.22,-0.21,2024-08-09 10:30 AM
330,-8,-0.26,-8,-0.27,-0.27,2024-08-09 10:31 AM
329,-54,-0.54,33,-0.5,-0.52,2024-08-09 10:32 AM
328,175,0.06,18,0.03,0.05,2024-08-09 10:33 AM
327,-41,0.01,-30,0.01,0.0,2024-08-09 10:34 AM
326,-85,0.05,58,0.05,0.06,2024-08-09 10:35 AM
325,-49,-0.27,-43,-0.24,-0.26,2024-08-09 10:36 AM
324,70,0.5,13,0.47,0.49,2024-08-09 10:37 AM
323,-7,0.13,-50,0.11,0.12,2024-08-09 10:38 AM
322,-31,-0.44,82,-0.42,-0.44,2024-08-09 10:39 AM
321,75,0.22,-148,0.22,0.22,2024-08-09 10:40 AM
320,-110,0.47,89,0.46,0.47,2024-08-09 10:41 AM
319,0,-0.11,-9,-0.1,-0.1,2024-08-09 10:42 AM
318,59,-0.3,-80,-0.3,-0.3,2024-08-09 10:43 AM
317,-2,0.09,67,0.09,0.08,2024-08-09 10:44 AM
316,8,-0.06,5,-0.07,-0.06,2024-08-09 10:45 AM
315,4,0.44,7,0.45,0.44,2024-08-09 10:46 AM
314,-69,0.08,-7,0.08,0.09,2024-08-09 10:47 AM
313,0,0.03,8,0.02,0.02,2024-08-09 10:48 AM
312,65,0.0,125,-0.02,-0.01,2024-08-09 10:49 AM
311,-60,0.12,-132,0.15,0.13,2024-08-09 10:50 AM
310,47,-0.03,-6,-0.04,-0.03,2024-08-09 10:51 AM
309,10,0.27,5,0.26,0.26,2024-08-09 10:52 AM
308,0,0.42,0,0.43,0.43,2024-08-09 10:53 AM
307,0,-0.14,0,-0.13,-0.14,2024-08-09 10:54 AM
306,-63,-0.02,6,-0.02,-0.02,2024-08-09 10:55 AM
305,1,0.28,-78,0.26,0.27,2024-08-09 10:56 AM
304,65,0.24,75,0.25,0.25,2024-08-09 10:57 AM
303,4,-0.05,-6,-0.07,-0.06,2024-08-09 10:58 AM
302,-10,-0.29,-69,-0.28,-0.28,2024-08-09 10:59 AM
301,-5,-0.07,0,-0.08,-0.08,2024-08-09 11:00 AM
300,14,0.28,78,0.3,0.29,2024-08-09 11:01 AM
299,0,-0.17,-78,-0.19,-0.18,2024-08-09 11:02 AM
298,7,0.06,70,0.07,0.06,2024-08-09 11:03 AM
297,-12,0.06,3,0.07,0.07,2024-08-09 11:04 AM
296,-7,0.39,-7,0.4,0.39,2024-08-09 11:05 AM
295,-1,0.0,-67,0.0,0.0,2024-08-09 11:06 AM
294,10,0.03,71,0.01,0.02,2024-08-09 11:07 AM
293,-5,-0.09,0,-0.08,-0.08,2024-08-09 11:08 AM
292,13,0.38,-2,0.37,0.38,2024-08-09 11:09 AM
291,-7,-0.48,-68,-0.47,-0.48,2024-08-09 11:10 AM
290,-1,-0.11,68,-0.11,-0.11,2024-08-09 11:11 AM
289,-14,-0.09,-7,-0.08,-0.08,2024-08-09 11:12 AM
288,4,-0.07,4,-0.08,-0.08,2024-08-09 11:13 AM
287,-55,0.12,0,0.11,0.11,2024-08-09 11:14 AM
286,55,-0.07,0,-0.05,-0.05,2024-08-09 11:15 AM
285,0,0.06,-65,0.06,0.05,2024-08-09 11:16 AM
284,12,0.14,77,0.13,0.14,2024-08-09 11:17 AM
283,35,-0.04,-77,-0.03,-0.03,2024-08-09 11:18 AM
282,-102,-0.1,98,-0.1,-0.11,2024-08-09 11:19 AM
281,86,0.01,-7,0.0,0.01,2024-08-09 11:20 AM
280,32,-0.26,27,-0.28,-0.27,2024-08-09 11:21 AM
279,-12,-0.04,-20,-0.02,-0.03,2024-08-09 11:22 AM
278,-106,0.11,-4,0.1,0.1,2024-08-09 11:23 AM
277,67,0.05,-94,0.07,0.07,2024-08-09 11:24 AM
276,0,-0.11,77,-0.12,-0.12,2024-08-09 11:25 AM
275,0,0.06,0,0.07,0.06,2024-08-09 11:26 AM
274,-68,0.13,0,0.13,0.14,2024-08-09 11:27 AM
273,68,-0.11,0,-0.12,-0.12,2024-08-09 11:28 AM
272,-5,-0.2,0,-0.2,-0.2,2024-08-09 11:29 AM
271,5,-0.59,-78,-0.6,-0.59,2024-08-09 11:30 AM
270,0,0.05,78,0.05,0.04,2024-08-09 11:31 AM
269,6,0.43,6,0.44,0.44,2024-08-09 11:32 AM
268,-73,-0.1,0,-0.09,-0.1,2024-08-09 11:33 AM
267,73,0.17,0,0.16,0.17,2024-08-09 11:34 AM
266,-20,0.08,-7,0.1,0.09,2024-08-09 11:35 AM
265,7,-0.39,-6,-0.39,-0.39,2024-08-09 11:36 AM
264,0,-0.23,0,-0.24,-0.24,2024-08-09 11:37 AM
263,5,0.07,5,0.07,0.08,2024-08-09 11:38 AM
262,-6,-0.09,-6,-0.09,-0.09,2024-08-09 11:39 AM
261,-2,0.11,-69,0.12,0.11,2024-08-09 11:40 AM
260,0,-0.12,67,-0.13,-0.12,2024-08-09 11:41 AM
259,0,0.4,-61,0.39,0.39,2024-08-09 11:42 AM
258,9,-0.17,68,-0.16,-0.16,2024-08-09 11:43 AM
257,4,-0.18,-4,-0.18,-0.19,2024-08-09 11:44 AM
256,0,0.19,10,0.19,0.19,2024-08-09 11:45 AM
255,0,0.11,0,0.1,0.11,2024-08-09 11:46 AM
254,7,0.25,-81,0.26,0.26,2024-08-09 11:47 AM
253,0,-0.08,88,-0.09,-0.09,2024-08-09 11:48 AM
252,-10,0.09,163,0.04,0.06,2024-08-09 11:49 AM
251,-3,-0.01,-176,0.03,0.02,2024-08-09 11:50 AM
250,-9,-0.1,-7,-0.09,-0.1,2024-08-09 11:51 AM
249,-55,0.05,7,0.03,0.04,2024-08-09 11:52 AM
248,-1,0.08,0,0.11,0.09,2024-08-09 11:53 AM
247,1,0.17,0,0.16,0.17,2024-08-09 11:54 AM
246,66,-0.12,0,-0.12,-0.12,2024-08-09 11:55 AM
245,-2,-0.54,0,-0.54,-0.54,2024-08-09 11:56 AM
244,0,-0.63,0,-0.65,-0.64,2024-08-09 11:57 AM
243,-64,-0.08,-10,-0.05,-0.06,2024-08-09 11:58 AM
242,64,0.15,-65,0.14,0.14,2024-08-09 11:59 AM
241,0,-0.12,75,-0.12,-0.12,2024-08-09 12:00 PM
240,-6,0.07,0,0.08,0.07,2024-08-09 12:01 PM
239,-58,0.08,-74,0.08,0.08,2024-08-09 12:02 PM
238,65,-0.19,74,-0.2,-0.19,2024-08-09 12:03 PM
237,-65,0.11,-7,0.12,0.11,2024-08-09 12:04 PM
236,58,-0.07,6,-0.06,-0.06,2024-08-09 12:05 PM
235,10,-0.2,6,-0.21,-0.2,2024-08-09 12:06 PM
234,-2,0.2,-79,0.19,0.19,2024-08-09 12:07 PM
233,-8,0.17,68,0.18,0.17,2024-08-09 12:08 PM
232,-2,-0.32,-68,-0.32,-0.32,2024-08-09 12:09 PM
231,6,-0.01,77,-0.02,-0.01,2024-08-09 12:10 PM
230,12,-0.16,7,-0.17,-0.17,2024-08-09 12:11 PM
229,-18,0.13,-18,0.14,0.14,2024-08-09 12:12 PM
228,0,-0.05,0,-0.05,-0.05,2024-08-09 12:13 PM
227,-6,0.01,-66,0.03,0.02,2024-08-09 12:14 PM
226,0,0.05,60,0.04,0.04,2024-08-09 12:15 PM
225,-51,0.05,0,0.04,0.05,2024-08-09 12:16 PM
224,56,-0.15,5,-0.15,-0.15,2024-08-09 12:17 PM
223,-5,0.1,0,0.11,0.1,2024-08-09 12:18 PM
222,-50,-0.09,19,-0.09,-0.08,2024-08-09 12:19 PM
221,74,0.05,-85,0.06,0.05,2024-08-09 12:20 PM
220,0,0.17,85,0.17,0.17,2024-08-09 12:21 PM
219,-5,-0.1,0,-0.11,-0.11,2024-08-09 12:22 PM
218,-11,-0.27,-7,-0.27,-0.27,2024-08-09 12:23 PM
217,9,0.17,0,0.18,0.18,2024-08-09 12:24 PM
216,8,-0.24,-2,-0.24,-0.24,2024-08-09 12:25 PM
215,-19,0.39,-9,0.37,0.38,2024-08-09 12:26 PM
214,10,0.11,7,0.12,0.11,2024-08-09 12:27 PM
213,-14,-0.05,-11,-0.05,-0.04,2024-08-09 12:28 PM
212,0,-0.08,0,-0.09,-0.09,2024-08-09 12:29 PM
211,14,0.08,13,0.08,0.08,2024-08-09 12:30 PM
210,-66,0.25,7,0.24,0.25,2024-08-09 12:31 PM
209,5,-0.02,-3,0.0,-0.02,2024-08-09 12:32 PM
208,60,0.13,-10,0.12,0.13,2024-08-09 12:33 PM
207,-6,0.08,0,0.08,0.08,2024-08-09 12:34 PM
206,6,-0.18,-1,-0.19,-0.19,2024-08-09 12:35 PM
205,11,0.01,13,0.02,0.02,2024-08-09 12:36 PM
204,-76,0.09,0,0.1,0.09,2024-08-09 12:37 PM
203,81,-0.07,0,-0.09,-0.08,2024-08-09 12:38 PM
202,0,0.28,0,0.29,0.29,2024-08-09 12:39 PM
201,13,0.1,-2,0.11,0.11,2024-08-09 12:40 PM
200,-9,-0.08,6,-0.09,-0.09,2024-08-09 12:41 PM
199,-85,-0.11,0,-0.1,-0.11,2024-08-09 12:42 PM
198,76,0.06,-9,0.05,0.06,2024-08-09 12:43 PM
197,7,0.06,7,0.06,0.06,2024-08-09 12:44 PM
196,-83,0.05,0,0.05,0.05,2024-08-09 12:45 PM
195,83,-0.13,0,-0.13,-0.13,2024-08-09 12:46 PM
194,-10,-0.01,0,0.0,0.0,2024-08-09 12:47 PM
193,10,-0.12,0,-0.14,-0.13,2024-08-09 12:48 PM
192,165,0.15,0,0.12,0.13,2024-08-09 12:49 PM
191,-172,0.3,0,0.35,0.33,2024-08-09 12:50 PM
190,-76,0.04,0,0.03,0.03,2024-08-09 12:51 PM
189,65,0.03,-83,0.03,0.03,2024-08-09 12:52 PM
188,11,-0.09,0,-0.09,-0.09,2024-08-09 12:53 PM
187,-8,-0.1,83,-0.1,-0.1,2024-08-09 12:54 PM
186,5,-0.18,0,-0.18,-0.18,2024-08-09 12:55 PM
185,-12,-0.04,-7,-0.05,-0.04,2024-08-09 12:56 PM
184,23,0.29,-17,0.31,0.29,2024-08-09 12:57 PM
183,-18,-0.05,-59,-0.05,-0.04,2024-08-09 12:58 PM
182,-66,0.16,76,0.15,0.15,2024-08-09 12:59 PM
181,0,0.14,-77,0.16,0.15,2024-08-09 01:00 PM
180,72,0.02,83,0.0,0.01,2024-08-09 01:01 PM
179,-5,0.05,0,0.05,0.05,2024-08-09 01:02 PM
178,8,0.23,0,0.23,0.23,2024-08-09 01:03 PM
177,7,-0.01,0,-0.01,-0.01,2024-08-09 01:04 PM
176,0,-0.01,-83,-0.03,-0.02,2024-08-09 01:05 PM
175,-82,-0.17,75,-0.16,-0.17,2024-08-09 01:06 PM
174,0,-0.03,0,-0.02,-0.02,2024-08-09 01:07 PM
173,80,0.07,6,0.07,0.07,2024-08-09 01:08 PM
172,0,0.0,0,0.0,0.0,2024-08-09 01:09 PM
171,-15,0.31,0,0.29,0.3,2024-08-09 01:10 PM
170,15,0.16,0,0.18,0.17,2024-08-09 01:11 PM
169,-80,-0.11,0,-0.11,-0.11,2024-08-09 01:12 PM
168,80,0.2,0,0.2,0.2,2024-08-09 01:13 PM
167,0,0.11,0,0.1,0.11,2024-08-09 01:14 PM
166,0,0.45,0,0.46,0.45,2024-08-09 01:15 PM
165,-9,0.5,-12,0.49,0.49,2024-08-09 01:16 PM
164,-12,-0.01,-3,-0.05,-0.03,2024-08-09 01:17 PM
163,11,-0.06,3,0.0,-0.02,2024-08-09 01:18 PM
162,-71,-0.07,-69,-0.09,-0.09,2024-08-09 01:19 PM
161,72,0.14,1,0.14,0.14,2024-08-09 01:20 PM
160,-6,0.08,77,0.09,0.09,2024-08-09 01:21 PM
159,7,-0.23,5,-0.23,-0.23,2024-08-09 01:22 PM
158,0,0.04,0,0.03,0.03,2024-08-09 01:23 PM
157,0,0.0,0,0.0,0.0,2024-08-09 01:24 PM
156,-8,-0.08,-82,-0.06,-0.07,2024-08-09 01:25 PM
155,0,0.3,74,0.29,0.3,2024-08-09 01:26 PM
154,-8,-0.08,-8,-0.07,-0.07,2024-08-09 01:27 PM
153,13,0.1,13,0.09,0.09,2024-08-09 01:28 PM
152,0,0.29,0,0.29,0.29,2024-08-09 01:29 PM
151,-4,0.48,-4,0.47,0.47,2024-08-09 01:30 PM
150,-60,0.35,1,0.35,0.35,2024-08-09 01:31 PM
149,68,-0.65,-71,-0.63,-0.64,2024-08-09 01:32 PM
148,2,0.01,78,0.0,0.01,2024-08-09 01:33 PM
147,-2,0.16,0,0.16,0.16,2024-08-09 01:34 PM
146,-13,0.18,-8,0.17,0.17,2024-08-09 01:35 PM
145,15,-0.17,8,-0.17,-0.16,2024-08-09 01:36 PM
144,-10,-0.03,-8,-0.03,-0.04,2024-08-09 01:37 PM
143,-7,0.21,-7,0.22,0.22,2024-08-09 01:38 PM
142,0,0.05,0,0.06,0.05,2024-08-09 01:39 PM
141,7,-0.19,7,-0.2,-0.19,2024-08-09 01:40 PM
140,-62,-0.07,-75,-0.1,-0.08,2024-08-09 01:41 PM
139,-3,-0.55,75,-0.52,-0.54,2024-08-09 01:42 PM
138,65,-0.09,0,-0.09,-0.09,2024-08-09 01:43 PM
137,0,0.14,0,0.13,0.13,2024-08-09 01:44 PM
136,-1,-0.03,-1,-0.02,-0.02,2024-08-09 01:45 PM
135,1,0.08,0,0.08,0.08,2024-08-09 01:46 PM
134,6,-0.01,1,-0.01,-0.01,2024-08-09 01:47 PM
133,-5,0.07,6,0.07,0.07,2024-08-09 01:48 PM
132,-1,-0.22,-6,-0.23,-0.22,2024-08-09 01:49 PM
131,0,-0.01,-75,-0.04,-0.03,2024-08-09 01:50 PM
130,-65,-0.25,0,-0.23,-0.24,2024-08-09 01:51 PM
129,65,0.24,75,0.26,0.25,2024-08-09 01:52 PM
128,7,-0.04,7,-0.04,-0.04,2024-08-09 01:53 PM
127,0,-0.19,0,-0.19,-0.19,2024-08-09 01:54 PM
126,-9,-0.5,-19,-0.49,-0.5,2024-08-09 01:55 PM
125,-63,0.09,20,0.09,0.09,2024-08-09 01:56 PM
124,0,0.06,0,0.05,0.06,2024-08-09 01:57 PM
123,66,-0.17,-84,-0.16,-0.16,2024-08-09 01:58 PM
122,0,-0.15,77,-0.17,-0.16,2024-08-09 01:59 PM
121,0,0.17,0,0.17,0.16,2024-08-09 02:00 PM
120,29,-0.06,15,-0.06,-0.05,2024-08-09 02:01 PM
119,-10,0.39,-1,0.39,0.39,2024-08-09 02:02 PM
118,-85,-0.3,-11,-0.3,-0.3,2024-08-09 02:03 PM
117,0,-0.03,-79,-0.03,-0.04,2024-08-09 02:04 PM
116,68,-0.13,78,-0.12,-0.12,2024-08-09 02:05 PM
115,15,0.07,20,0.06,0.07,2024-08-09 02:06 PM
114,15,-0.11,8,-0.11,-0.11,2024-08-09 02:07 PM
113,-12,0.04,-107,0.04,0.04,2024-08-09 02:08 PM
112,-28,0.13,77,0.13,0.12,2024-08-09 02:09 PM
111,-58,0.22,0,0.23,0.23,2024-08-09 02:10 PM
110,76,-0.43,8,-0.43,-0.43,2024-08-09 02:11 PM
109,-76,-0.48,-84,-0.5,-0.49,2024-08-09 02:12 PM
108,66,0.12,76,0.12,0.12,2024-08-09 02:13 PM
107,0,0.0,0,0.02,0.01,2024-08-09 02:14 PM
106,2,0.12,7,0.11,0.12,2024-08-09 02:15 PM
105,-69,-0.06,-9,-0.05,-0.06,2024-08-09 02:16 PM
104,39,0.03,0,0.03,0.03,2024-08-09 02:17 PM
103,27,-0.25,-6,-0.24,-0.24,2024-08-09 02:18 PM
102,-6,-0.01,6,-0.02,-0.02,2024-08-09 02:19 PM
101,-59,0.37,0,0.37,0.37,2024-08-09 02:20 PM
100,72,-0.25,8,-0.26,-0.26,2024-08-09 02:21 PM
99,4,0.04,0,0.04,0.04,2024-08-09 02:22 PM
98,3,0.23,7,0.23,0.24,2024-08-09 02:23 PM
97,-11,-0.14,-11,-0.14,-0.15,2024-08-09 02:24 PM
96,-5,-0.25,-15,-0.26,-0.25,2024-08-09 02:25 PM
95,5,-0.1,-64,-0.08,-0.09,2024-08-09 02:26 PM
94,-69,0.39,86,0.39,0.39,2024-08-09 02:27 PM
93,67,-0.02,-9,-0.03,-0.02,2024-08-09 02:28 PM
92,7,-0.05,7,-0.05,-0.05,2024-08-09 02:29 PM
91,-74,-0.06,0,-0.05,-0.06,2024-08-09 02:30 PM
90,1,-0.14,0,-0.14,-0.14,2024-08-09 02:31 PM
89,-1,0.17,-15,0.09,0.13,2024-08-09 02:32 PM
88,74,0.04,15,0.1,0.07,2024-08-09 02:33 PM
87,-14,-0.13,-14,-0.11,-0.12,2024-08-09 02:34 PM
86,6,-0.21,6,-0.21,-0.21,2024-08-09 02:35 PM
85,-27,-0.13,7,-0.14,-0.14,2024-08-09 02:36 PM
84,34,0.3,0,0.3,0.31,2024-08-09 02:37 PM
83,0,0.13,-15,0.14,0.13,2024-08-09 02:38 PM
82,0,0.11,15,0.11,0.11,2024-08-09 02:39 PM
81,0,0.06,0,0.05,0.06,2024-08-09 02:40 PM
80,0,0.08,0,0.08,0.07,2024-08-09 02:41 PM
79,3,0.09,0,0.09,0.09,2024-08-09 02:42 PM
78,-3,-0.16,0,-0.16,-0.16,2024-08-09 02:43 PM
77,-69,0.23,14,0.17,0.21,2024-08-09 02:44 PM
76,122,-0.07,29,-0.06,-0.07,2024-08-09 02:45 PM
75,127,0.27,-27,0.18,0.23,2024-08-09 02:46 PM
74,-252,0.02,-12,0.09,0.05,2024-08-09 02:47 PM
73,298,0.02,12,-0.04,-0.01,2024-08-09 02:48 PM
72,-150,-0.24,11,-0.12,-0.18,2024-08-09 02:49 PM
71,4,0.0,6,-0.04,-0.02,2024-08-09 02:50 PM
70,190,-0.38,-115,-0.44,-0.41,2024-08-09 02:51 PM
69,-54,0.14,192,0.15,0.15,2024-08-09 02:52 PM
68,6,-0.11,-19,-0.14,-0.13,2024-08-09 02:53 PM
67,-161,-0.11,-173,-0.19,-0.15,2024-08-09 02:54 PM
66,-14,0.0,119,0.12,0.06,2024-08-09 02:55 PM
65,166,-0.19,4,-0.27,-0.23,2024-08-09 02:56 PM
64,-156,-0.08,6,0.03,-0.02,2024-08-09 02:57 PM
63,-32,0.29,157,0.26,0.27,2024-08-09 02:58 PM
62,23,0.15,-166,0.17,0.16,2024-08-09 02:59 PM
61,129,0.29,1,0.29,0.29,2024-08-09 03:00 PM
60,42,-0.21,30,-0.29,-0.25,2024-08-09 03:01 PM
59,-43,0.02,24,0.05,0.03,2024-08-09 03:02 PM
58,42,-0.05,18,-0.04,-0.04,2024-08-09 03:03 PM
57,0,-0.14,-193,-0.14,-0.14,2024-08-09 03:04 PM
56,-40,0.1,193,0.07,0.08,2024-08-09 03:05 PM
55,35,0.07,-22,0.08,0.08,2024-08-09 03:06 PM
54,-96,0.03,152,0.04,0.03,2024-08-09 03:07 PM
53,9,0.31,-27,0.32,0.32,2024-08-09 03:08 PM
52,90,-0.11,-133,-0.15,-0.13,2024-08-09 03:09 PM
51,62,0.17,175,0.11,0.14,2024-08-09 03:10 PM
50,-200,-0.07,-185,0.01,-0.03,2024-08-09 03:11 PM
49,27,0.3,107,0.3,0.3,2024-08-09 03:12 PM
48,118,-0.17,-112,-0.18,-0.18,2024-08-09 03:13 PM
47,-106,0.06,117,0.08,0.07,2024-08-09 03:14 PM
46,81,-0.05,-76,-0.06,-0.05,2024-08-09 03:15 PM
45,-169,0.24,103,0.25,0.25,2024-08-09 03:16 PM
44,148,0.08,-101,0.07,0.07,2024-08-09 03:17 PM
43,33,-0.05,0,-0.05,-0.05,2024-08-09 03:18 PM
42,-280,0.03,106,0.03,0.03,2024-08-09 03:19 PM
41,141,0.1,-72,0.15,0.13,2024-08-09 03:20 PM
40,139,-0.26,-62,-0.3,-0.29,2024-08-09 03:21 PM
39,-34,-0.41,-163,-0.42,-0.41,2024-08-09 03:22 PM
38,-95,0.13,285,0.14,0.13,2024-08-09 03:23 PM
37,160,-0.06,-115,-0.09,-0.07,2024-08-09 03:24 PM
36,-126,-0.02,17,0.03,0.0,2024-08-09 03:25 PM
35,-38,0.17,90,0.15,0.16,2024-08-09 03:26 PM
34,0,0.08,-23,0.1,0.09,2024-08-09 03:27 PM
33,21,0.15,37,0.14,0.15,2024-08-09 03:28 PM
32,78,0.03,-291,0.0,0.01,2024-08-09 03:29 PM
31,38,-0.11,198,-0.11,-0.1,2024-08-09 03:30 PM
30,-88,0.19,0,0.26,0.22,2024-08-09 03:31 PM
29,85,0.11,-23,0.05,0.08,2024-08-09 03:32 PM
28,-148,-0.13,-76,-0.14,-0.13,2024-08-09 03:33 PM
27,148,-0.06,61,-0.07,-0.07,2024-08-09 03:34 PM
26,-280,0.05,161,0.07,0.06,2024-08-09 03:35 PM
25,116,0.35,-223,0.37,0.36,2024-08-09 03:36 PM
24,-1,-0.01,20,0.01,0.0,2024-08-09 03:37 PM
23,130,-0.49,44,-0.53,-0.51,2024-08-09 03:38 PM
22,-248,-0.01,-162,0.04,0.01,2024-08-09 03:39 PM
21,307,-0.01,186,-0.08,-0.04,2024-08-09 03:40 PM
20,-109,0.25,97,0.27,0.26,2024-08-09 03:41 PM
19,85,0.04,-97,0.03,0.03,2024-08-09 03:42 PM
18,-116,-0.1,107,-0.09,-0.09,2024-08-09 03:43 PM
17,115,0.01,-95,0.0,0.0,2024-08-09 03:44 PM
16,-84,-0.28,90,-0.26,-0.26,2024-08-09 03:45 PM
15,1,0.18,-90,0.17,0.17,2024-08-09 03:46 PM
14,-1,0.17,0,0.16,0.17,2024-08-09 03:47 PM
13,-42,-0.18,86,-0.15,-0.17,2024-08-09 03:48 PM
12,-7,0.18,18,0.17,0.17,2024-08-09 03:49 PM
11,-149,0.0,-302,-0.04,-0.01,2024-08-09 03:50 PM
10,332,-0.33,125,-0.35,-0.35,2024-08-09 03:51 PM
9,-184,0.11,23,0.16,0.14,2024-08-09 03:52 PM
8,50,-0.13,104,-0.11,-0.12,2024-08-09 03:53 PM
7,78,-0.16,-117,-0.17,-0.16,2024-08-09 03:54 PM
6,-276,-0.28,-12,-0.29,-0.29,2024-08-09 03:55 PM
5,178,0.18,161,0.16,0.17,2024-08-09 03:56 PM
4,-120,0.4,-86,0.42,0.41,2024-08-09 03:57 PM
3,92,-0.02,97,-0.02,-0.02,2024-08-09 03:58 PM
2,-150,0.38,-197,0.38,0.38,2024-08-09 03:59 PM
1,99,-0.18,-99,-0.26,-0.22,2024-08-09 04:00 PM
